Product Title,Price,Rating,Number of Reviews,Availability,Delivery,Free Delivery Date,Fast Delivery Date
Apple iPhone 16 (256 GB) - White,"89,900",4.7 out of 5 stars,14,200+ bought in past month,FREE delivery,"Sat, 12 Oct",No fastest delivery date info
Apple iPhone 13 (256 GB) - Green,"53,999",4.5 out of 5 stars,"29,534",1K+ bought in past month,FREE delivery,"Tue, 8 Oct","Tomorrow, 5 Oct"
"Samsung Galaxy M05 (Mint Green, 4GB RAM, 64 GB Storage) | 50MP Dual Camera | Bigger 6.7"" HD+ Display | 5000mAh Battery | 25W Fast Charging | 2 Gen OS Upgrade & 4 Year Security Update | Without Charger","6,499",3.9 out of 5 stars,50,5K+ bought in past month,FREE delivery,"Mon, 7 Oct","Tomorrow, 5 Oct"
"realme NARZO N61 (Voyage Blue,6GB RAM+128GB Storage) 90Hz Eye Comfort Display | IP54 Dust & Water Resistance | 48-Month Fluency | Charger in The Box","8,498",4.1 out of 5 stars,338,5K+ bought in past month,FREE delivery,"Mon, 7 Oct","Tomorrow, 5 Oct"
"Samsung Galaxy M15 5G Prime Edition (Celestial Blue,4GB RAM,128GB Storage)| Super AMOLED Display| 50MP Triple Cam| 6000mAh Battery| MediaTek Dimensity 6100+| 4 Gen. OS Upgrade & 5 Year Security Update","10,999",4.1 out of 5 stars,18,5K+ bought in past month,FREE delivery,"Sun, 13 Oct",No fastest delivery date info
"realme NARZO N61 (Marble Black,6GB RAM+128GB Storage) 90Hz Eye Comfort Display | IP54 Dust & Water Resistance | 48-Month Fluency | Charger in The Box","8,498",4.1 out of 5 stars,338,5K+ bought in past month,FREE delivery,"Sat, 12 Oct",No fastest delivery date info
"realme NARZO N61 (Voyage Blue,4GB RAM+64GB Storage) 90Hz Eye Comfort Display | IP54 Dust & Water Resistance | 48-Month Fluency | Charger in The Box",Price not listed,4.1 out of 5 stars,338,5K+ bought in past month,Delivery info not available,No info,No info
"Redmi 13C 5G (Startrail Silver, 4GB RAM, 128GB Storage) | MediaTek Dimensity 6100+ 5G | 90Hz Display","8,999",4.0 out of 5 stars,"8,064",5K+ bought in past month,FREE delivery,"Sun, 6 Oct","Tomorrow, 5 Oct"
"Redmi 13C (Starfrost White, 6GB RAM, 128GB Storage) | Powered by 4G MediaTek Helio G85 | 90Hz Display | 50MP AI Triple Camera","8,499",4.1 out of 5 stars,"7,962",5K+ bought in past month,FREE delivery,"Tue, 8 Oct","Tomorrow, 5 Oct"
"realme NARZO N65 5G (Amber Gold 6GB RAM, 128GB Storage) India's 1st D6300 5G Chipset | Ultra Slim Design | 120Hz Eye Comfort Display | 50MP AI Camera| Charger in The Box","12,498",4.1 out of 5 stars,900,5K+ bought in past month,FREE delivery,"Mon, 7 Oct","Tomorrow, 5 Oct"
Apple iPhone 14 (128 GB) - Purple,"59,900",4.5 out of 5 stars,"5,569",200+ bought in past month,FREE delivery,"Sun, 6 Oct","Tomorrow, 5 Oct"
Apple iPhone 14 Pro (128 GB) - Space Black,"1,29,900",4.6 out of 5 stars,869,Availability not listed,FREE delivery,"Sat, 12 Oct",No fastest delivery date info
POCO C65 (Matte Black 4GB RAM 128GB Storage),"6,799",4.0 out of 5 stars,"2,461",5K+ bought in past month,FREE delivery,"Wed, 9 Oct","Tomorrow, 5 Oct"
POCO C61 Ethereal Blue 4GB RAM 64GB ROM,"6,299",3.5 out of 5 stars,27,2K+ bought in past month,FREE delivery,"Tue, 8 Oct","Tomorrow, 5 Oct"
"OnePlus Nord CE 3 Lite 5G (Chromatic Gray, 8GB RAM, 128GB Storage)","16,080",4.2 out of 5 stars,"50,588",5K+ bought in past month,FREE delivery,"Wed, 9 Oct","Tomorrow, 5 Oct"
POCO C65 (Pastel Blue 4GB RAM 128GB Storage),"6,799",4.0 out of 5 stars,"2,461",5K+ bought in past month,FREE delivery,No free delivery date info,No fastest delivery date info
"realme NARZO 70x 5G (Ice Blue, 6GB RAM,128GB Storage)|120Hz Ultra Smooth Display|Dimensity 6100+ 6nm 5G|50MP AI Camera|45W Charger in The Box","12,498",4.0 out of 5 stars,"2,043",5K+ bought in past month,FREE delivery,"Sun, 6 Oct","Tomorrow, 5 Oct"
"Redmi 13C 5G (Starlight Black, 6GB RAM, 128GB Storage) | MediaTek Dimensity 6100+ 5G | 90Hz Display","11,499",4.0 out of 5 stars,"8,064",2K+ bought in past month,FREE delivery,"Sun, 6 Oct","Tomorrow, 5 Oct"
"Redmi 13C 5G (Startrail Green, 4GB RAM, 128GB Storage) | MediaTek Dimensity 6100+ 5G | 90Hz Display","8,999",4.0 out of 5 stars,"8,064",5K+ bought in past month,FREE delivery,"Sun, 6 Oct","Tomorrow, 5 Oct"
"Samsung Galaxy M15 5G Prime Edition (Stone Grey,6GB RAM,128GB Storage)| Super AMOLED Display| 50MP Triple Cam| 6000mAh Battery| MediaTek Dimensity 6100+| 4 Gen. OS Upgrade & 5 Year Security Update","11,999",4.1 out of 5 stars,18,5K+ bought in past month,FREE delivery,"Sat, 12 Oct",No fastest delivery date info
Apple iPhone 14 Plus (256 GB) - Purple,"79,900",4.5 out of 5 stars,"2,011",Availability not listed,FREE delivery,"Thu, 10 Oct",No fastest delivery date info
Apple iPhone 15 (128 GB) - Blue,"69,900",4.5 out of 5 stars,"2,249",500+ bought in past month,FREE delivery,"Sun, 6 Oct","Tomorrow, 5 Oct"
Apple iPhone 16 (128 GB) - Ultramarine,"79,900",4.7 out of 5 stars,14,500+ bought in past month,FREE delivery,"Thu, 10 Oct",No fastest delivery date info
Apple iPhone 15 Plus (128 GB) - Blue,"76,900",4.6 out of 5 stars,"1,016",100+ bought in past month,FREE delivery,"Sun, 6 Oct","Tomorrow, 5 Oct"
"realme NARZO N63 (Leather Blue, 4GB RAM+64GB Storage) 45W Fast Charge | 5000mAh Durable Battery | 7.74mm Ultra Slim | 50MP AI Camera | AI Boost","7,199",3.9 out of 5 stars,623,4K+ bought in past month,FREE delivery,"Mon, 7 Oct","Tomorrow, 5 Oct"
"Samsung Galaxy M15 5G Prime Edition (Stone Grey,4GB RAM,128GB Storage)| Super AMOLED Display| 50MP Triple Cam| 6000mAh Battery| MediaTek Dimensity 6100+| 4 Gen. OS Upgrade & 5 Year Security Update","10,999",4.1 out of 5 stars,18,3K+ bought in past month,FREE delivery,"Wed, 9 Oct","Tomorrow, 5 Oct"
"iQOO Z9 Lite 5G (Aqua Flow, 6GB RAM, 128GB Storage) | Dimensity 6300 5G | 50MP Sony AI Camera | Charger in The Box | Rs 1000 Off on All Bank Cards","11,498",4.0 out of 5 stars,"1,101",5K+ bought in past month,FREE delivery,"Sun, 6 Oct","Tomorrow, 5 Oct"
POCO C65 (Pastel Blue 4GB RAM 128GB Storage),"6,799",4.0 out of 5 stars,"2,461",5K+ bought in past month,FREE delivery,No free delivery date info,No fastest delivery date info
"Samsung Galaxy M15 5G Prime Edition (Stone Grey,6GB RAM,128GB Storage)| Super AMOLED Display| 50MP Triple Cam| 6000mAh Battery| MediaTek Dimensity 6100+| 4 Gen. OS Upgrade & 5 Year Security Update","11,999",4.1 out of 5 stars,18,5K+ bought in past month,FREE delivery,"Sat, 12 Oct",No fastest delivery date info
"Samsung Galaxy M15 5G Prime Edition (Blue Topaz,6GB RAM,128GB Storage) | Super AMOLED Display| 50MP Triple Cam| 6000mAh Battery| MediaTek Dimensity 6100+ | 4 Gen. OS Upgrade & 5 Year Security Update",Price not listed,4.1 out of 5 stars,18,5K+ bought in past month,Delivery info not available,No info,No info
"Lava Blaze 5G (Glass Green, 6GB RAM, UFS 2.2 128GB Storage) | 5G Ready | 50MP AI Triple Camera | Upto 11GB Expandable RAM | Charger Included | Clean Android (No Bloatware)","9,299",4.0 out of 5 stars,"5,913",1K+ bought in past month,FREE delivery,"Sun, 6 Oct","Tomorrow, 5 Oct"
"POCO M6 5G (Galactic Black,6GB RAM, 128GB Storage) | MediaTek Dimensity 6100+ 5G Processor | 5000 mAh Battery + 18W Fast Charging | 50 MP AI Dual-Camera System & Side Fingerprint Sensor","9,499",3.9 out of 5 stars,"1,734",4K+ bought in past month,FREE delivery,"Sun, 6 Oct","Tomorrow, 5 Oct"
Apple iPhone 14 Plus (128 GB) - Midnight,"69,900",4.5 out of 5 stars,"2,011",100+ bought in past month,FREE delivery,"Tue, 8 Oct","Tomorrow, 5 Oct"
Apple iPhone 15 (128 GB) - Pink,"69,900",4.5 out of 5 stars,"2,249",200+ bought in past month,FREE delivery,"Sun, 6 Oct","Tomorrow, 5 Oct"
"OnePlus Nord CE4 Lite 5G (Mega Blue, 8GB RAM, 256GB Storage)","22,998",4.1 out of 5 stars,"1,944",3K+ bought in past month,FREE delivery,"Sun, 6 Oct",No fastest delivery date info
"Lava O3 (Glossy Lavender, 4+4*GB RAM, 64GB Storage) |Octa Core Processor |6.75 inch HD+ Display |13MP AI Dual Rear Camera |5000 mAh Battery |10W Charging","6,199",Rating not available,400+ bought in past month,400+ bought in past month,FREE delivery,"Fri, 11 Oct","Tomorrow, 5 Oct"
"realme NARZO N61 (Marble Black, 4GB RAM+64GB Storage) 90Hz Eye Comfort Display | IP54 Dust & Water Resistance | 48-Month Fluency | Charger in The Box","7,498",4.1 out of 5 stars,338,5K+ bought in past month,FREE delivery,No free delivery date info,No fastest delivery date info
"realme NARZO N65 5G (Deep Green 4GB RAM, 128GB Storage) India's 1st D6300 5G Chipset | Ultra Slim 190g Design | 120Hz Eye Comfort Display | 50MP AI Camera| Charger in The Box","10,499",4.1 out of 5 stars,900,3K+ bought in past month,FREE delivery,"Sun, 6 Oct","Tomorrow, 5 Oct"
"Samsung Galaxy M55s 5G (Thunder Black,8GB RAM,128GB Storage) | 50MP Triple Cam| 5000mAh Battery| Snapdragon 7 Gen 1 | 4 Gen. OS Upgrade & 5 Year Security Update| Super AMOLED+ Display| Without Charger","19,999",Rating not available,3K+ bought in past month,3K+ bought in past month,FREE delivery,"Sat, 12 Oct",No fastest delivery date info
"realme NARZO 70x 5G (Forest Green, 8GB RAM,128GB Storage) | 120Hz Ultra Smooth Display | Dimensity 6100+ 6nm 5G | 50MP AI Camera | 45W Charger in The Box",Price not listed,4.0 out of 5 stars,"2,043",5K+ bought in past month,Delivery info not available,No info,No info
Nokia G42 5G | Snapdragon® 480+ 5G | 50MP Triple AI Camera | 11GB RAM (6GB RAM + 5GB Virtual RAM) | 128GB Storage | 5000mAh Battery | 2 Years Android Upgrades | 20W Charger Included | So Grey,"11,499",3.8 out of 5 stars,"5,128",3K+ bought in past month,FREE delivery,"Sun, 6 Oct","Tomorrow, 5 Oct"
"iQOO Z9s 5G (Titanium Matte, 8GB RAM, 128GB Storage) | 120 Hz 3D Curved AMOLED Display | 5500 mAh Ultra-Thin Battery | Dimesity 7300 5G Processor | Sony IMX882 OIS Camera with Aura Light","19,998",4.4 out of 5 stars,489,5K+ bought in past month,FREE delivery,"Mon, 7 Oct","Tomorrow, 5 Oct"
Apple iPhone 15 Pro Max (256 GB) - Natural Titanium,"1,34,900",4.4 out of 5 stars,348,50+ bought in past month,FREE delivery,"Sun, 6 Oct","Tomorrow, 5 Oct"
Apple iPhone 13 (128GB) - Midnight,"42,999",4.5 out of 5 stars,"29,534",5K+ bought in past month,FREE delivery,"Tue, 8 Oct","Tomorrow, 5 Oct"
Apple iPhone 13 (128GB) - Midnight,"42,999",4.5 out of 5 stars,"29,534",5K+ bought in past month,FREE delivery,"Tue, 8 Oct","Tomorrow, 5 Oct"
Apple iPhone 15 Plus (256 GB) - Blue,"89,900",4.6 out of 5 stars,"1,016",50+ bought in past month,FREE delivery,"Mon, 7 Oct","Tomorrow, 5 Oct"
"realme NARZO 70 Turbo 5G (Turbo Purple,8GB RAM,128GB Storage) | Segment's Fastest Dimensity 7300 Energy 5G Chipset | Motorsports Inspired Design","17,998",4.4 out of 5 stars,348,4K+ bought in past month,FREE delivery,"Mon, 7 Oct","Tomorrow, 5 Oct"
"Redmi A3X (Olive Green, 3GB RAM, 64GB Storage) | Premium Halo Design | 90Hz Display | Powerful Octa Core Processor","6,570",3.5 out of 5 stars,57,500+ bought in past month,FREE delivery,"Tue, 8 Oct","Tomorrow, 5 Oct"
"Oneplus Nord CE4 (Dark Chrome, 8GB RAM, 256GB Storage)","25,499",4.2 out of 5 stars,"4,851",5K+ bought in past month,FREE delivery,"Sun, 6 Oct","Tomorrow, 5 Oct"
"Redmi 13 5G, Orchid Pink, 6GB+128GB | India Debut SD 4 Gen 2 AE | 108MP Pro Grade Camera | 6.79in Largest Display in Segment","13,499",3.9 out of 5 stars,"1,370",5K+ bought in past month,FREE delivery,"Sun, 6 Oct","Tomorrow, 5 Oct"
"Samsung Galaxy M35 5G (Thunder Grey,6GB RAM,128GB Storage)| Corning Gorilla Glass Victus+| AnTuTu Score 595K+ | Vapour Cooling Chamber | 6000mAh Battery | 120Hz Super AMOLED Display| Without Charger","14,999",4.1 out of 5 stars,"1,916",5K+ bought in past month,FREE delivery,"Mon, 7 Oct","Tomorrow, 5 Oct"
"OnePlus Nord CE4 Lite 5G (Ultra Orange, 8GB RAM, 256GB Storage)","22,998",4.1 out of 5 stars,"1,944",2K+ bought in past month,FREE delivery,"Sun, 6 Oct","Tomorrow, 5 Oct"
"OnePlus 11R 5G (Galactic Silver, 8GB RAM, 128GB Storage)","27,997",4.4 out of 5 stars,"17,608",5K+ bought in past month,FREE delivery,"Tue, 8 Oct","Tomorrow, 5 Oct"
"Redmi 13C 5G (Starlight Black, 8GB RAM, 256GB Storage) | MediaTek Dimensity 6100+ 5G | 90Hz Display","13,499",4.0 out of 5 stars,"8,064",1K+ bought in past month,FREE delivery,"Sun, 6 Oct","Tomorrow, 5 Oct"
Apple iPhone 15 (128 GB) - Black,"69,900",4.5 out of 5 stars,"2,249",500+ bought in past month,FREE delivery,"Sun, 6 Oct","Tomorrow, 5 Oct"
Apple iPhone 15 Pro Max (256 GB) - Black Titanium,"1,30,900",4.4 out of 5 stars,348,100+ bought in past month,FREE delivery,"Sun, 6 Oct","Tomorrow, 5 Oct"
"realme NARZO N65 5G (Deep Green 6GB RAM, 128GB Storage) India's 1st D6300 5G Chipset | Ultra Slim Design | 120Hz Eye Comfort Display | 50MP AI Camera| Charger in The Box","12,498",4.1 out of 5 stars,900,5K+ bought in past month,FREE delivery,"Tue, 8 Oct","Tomorrow, 5 Oct"
"Redmi 13 5G, Orchid Pink, 8GB+128GB | India Debut SD 4 Gen 2 AE | 108MP Pro Grade Camera | 6.79in Largest Display in Segment","14,999",3.9 out of 5 stars,"1,370",1K+ bought in past month,FREE delivery,"Sun, 6 Oct","Tomorrow, 5 Oct"
"Motorola G64 5G (Ice Lilac, 12GB RAM, 256GB Storage) | Expandable Upto 2TB | Upto 24GB RAM with RAM Boost | 50MP (OIS) + 8MP | 16MP Front Camera | MediaTek Dimensity 7025 Processor | 6000 mAh Battery","16,683",3.8 out of 5 stars,87,500+ bought in past month,FREE delivery,"Sun, 6 Oct",No fastest delivery date info
"OnePlus Nord CE 3 5G (Aqua Surge, 8GB RAM, 128GB Storage)","16,999",4.2 out of 5 stars,"14,623",5K+ bought in past month,FREE delivery,"Tue, 8 Oct","Tomorrow, 5 Oct"
"TECNO POP 8 (Gravity Black, 4GB+64GB)| 90Hz Punch Hole Display with Dynamic Port & Dual Speakers with DTS| 5000mAh Battery |10W Type-C| Side Fingerprint Sensor| Octa-Core Processor","6,799",4.1 out of 5 stars,"2,129",1K+ bought in past month,FREE delivery,"Sun, 6 Oct","Tomorrow, 5 Oct"
"realme NARZO 70x 5G (Ice Blue, 8GB RAM,128GB Storage)|120Hz Ultra Smooth Display|Dimensity 6100+ 6nm 5G|50MP AI Camera|45W Charger in The Box","13,498",4.0 out of 5 stars,"2,043",5K+ bought in past month,FREE delivery,"Sun, 6 Oct","Tomorrow, 5 Oct"
"OnePlus Nord CE4 Lite 5G (Super Silver, 8GB RAM, 256GB Storage)","22,998",4.1 out of 5 stars,"1,944",5K+ bought in past month,FREE delivery,"Mon, 7 Oct","Tomorrow, 5 Oct"
"Vivo V40 5G Smartphone (Lotus Purple, 8GB RAM, 256GB Storage)","35,240",5.0 out of 5 stars,4,500+ bought in past month,FREE delivery,"Wed, 9 Oct","Tomorrow, 5 Oct"
Apple iPhone 16 (256 GB) - White,"89,900",4.7 out of 5 stars,14,200+ bought in past month,FREE delivery,"Sat, 12 Oct",No fastest delivery date info
Apple iPhone 14 Pro Max (256 GB) - Gold,"1,49,900",4.6 out of 5 stars,"1,006",Availability not listed,FREE delivery,"Sat, 12 Oct",No fastest delivery date info
Apple iPhone 13 (128GB) - (Product) RED,"41,999",4.5 out of 5 stars,"29,534",5K+ bought in past month,FREE delivery,"Tue, 8 Oct","Tomorrow, 5 Oct"
Apple iPhone 14 Pro (128 GB) - Space Black,"1,29,900",4.6 out of 5 stars,869,Availability not listed,FREE delivery,"Sat, 12 Oct",No fastest delivery date info
"Redmi Note 13 5G (Arctic White, 12GB RAM, 256GB Storage) | 5G Ready | 120Hz Bezel-Less AMOLED | 7.mm Slimmest Note Ever | 108MP Pro-Grade Camera","18,999",3.7 out of 5 stars,"5,115",500+ bought in past month,FREE delivery,"Sun, 6 Oct","Tomorrow, 5 Oct"
"iQOO Z9 Lite 5G (Mocha Brown, 6GB RAM, 128GB Storage) | Dimensity 6300 5G | 50MP Sony AI Camera | Charger in The Box | Rs 1000 Off on All Bank Cards","11,498",4.0 out of 5 stars,"1,101",5K+ bought in past month,FREE delivery,"Sun, 6 Oct",No fastest delivery date info
"Redmi 13C 5G (Startrail Silver, 8GB RAM, 256GB Storage) | MediaTek Dimensity 6100+ 5G | 90Hz Display","13,499",4.0 out of 5 stars,"8,064",1K+ bought in past month,FREE delivery,"Sun, 6 Oct","Tomorrow, 5 Oct"
"realme NARZO 70 Pro 5G (Glass Green, 8GB RAM,256GB Storage) Dimensity 7050 5G Chipset | Horizon Glass Design | Segment 1st Flagship Sony IMX890 OIS Camera","18,998",4.1 out of 5 stars,"4,625",5K+ bought in past month,FREE delivery,"Thu, 10 Oct",No fastest delivery date info
"Samsung Galaxy M35 5G (Daybreak Blue,6GB RAM,128GB Storage)| Corning Gorilla Glass Victus+| AnTuTu Score 595K+ | Vapour Cooling Chamber | 6000mAh Battery | 120Hz Super AMOLED Display| Without Charger","14,999",4.1 out of 5 stars,"1,916",5K+ bought in past month,FREE delivery,"Mon, 7 Oct","Tomorrow, 5 Oct"
POCO C65 (Pastel Green 4GB RAM 128GB Storage),"6,799",4.0 out of 5 stars,"2,461",4K+ bought in past month,FREE delivery,"Wed, 9 Oct","Tomorrow, 5 Oct"
"iQOO Z9 Lite 5G (Aqua Flow, 4GB RAM, 128GB Storage) | Dimensity 6300 5G | 50MP Sony AI Camera | Charger in The Box | Rs 1000 Off on All Bank Cards","10,498",4.0 out of 5 stars,"1,101",5K+ bought in past month,FREE delivery,"Sun, 6 Oct","Tomorrow, 5 Oct"
"OnePlus Nord CE 3 Lite 5G (Pastel Lime, 8GB RAM, 128GB Storage)","16,099",4.2 out of 5 stars,"50,588",2K+ bought in past month,FREE delivery,"Tue, 8 Oct","Tomorrow, 5 Oct"
Apple iPhone 16 (128 GB) - Ultramarine,"79,900",4.7 out of 5 stars,14,500+ bought in past month,FREE delivery,"Thu, 10 Oct",No fastest delivery date info
Apple iPhone 15 Plus (128 GB) - Blue,"76,900",4.6 out of 5 stars,"1,016",100+ bought in past month,FREE delivery,"Sun, 6 Oct","Tomorrow, 5 Oct"
"vivo Y18i (Space Black, 4GB RAM, 64GB Storage) with No Cost EMI/Additional Exchange Offers |Without Charger","7,999",3.2 out of 5 stars,18,500+ bought in past month,FREE delivery,"Sun, 6 Oct","Tomorrow, 5 Oct"
"Samsung Galaxy F15 5G (Ash Black, 6GB RAM, 128 GB Storage)","12,990",3.8 out of 5 stars,305,1K+ bought in past month,FREE delivery,"Wed, 16 Oct",No fastest delivery date info
"HONOR X9b 5G (Midnight Black, 8GB + 256GB) | India's First Ultra-Bounce Anti-Drop Curved AMOLED Display | 5800mAh Battery | 108MP Primary Camera | Without Charger","19,998",3.7 out of 5 stars,"1,709",1K+ bought in past month,FREE delivery,"Sun, 6 Oct","Tomorrow, 5 Oct"
"Samsung Galaxy M35 5G (Daybreak Blue,8GB RAM,256GB Storage)| Corning Gorilla Glass Victus+| AnTuTu Score 595K+ | Vapour Cooling Chamber | 6000mAh Battery | 120Hz Super AMOLED Display| Without Charger","19,499",4.1 out of 5 stars,"1,916",3K+ bought in past month,FREE delivery,"Mon, 7 Oct","Tomorrow, 5 Oct"
"Samsung Galaxy S21 FE 5G (Olive, 8GB RAM, 256GB Storage) with Snapdragon 888 Processor","26,999",3.8 out of 5 stars,"1,468",2K+ bought in past month,FREE delivery,"Thu, 10 Oct",No fastest delivery date info
"POCO M6 5G (Polaris Green, 6GB RAM, 128GB Storage) | MediaTek Dimensity 6100+ 5G Processor | 5000 mAh Battery + 18W Fast Charging | 50 MP AI Dual-Camera System & Side Fingerprint Sensor","9,499",3.9 out of 5 stars,"1,734",1K+ bought in past month,FREE delivery,"Thu, 10 Oct","Tomorrow, 5 Oct"
"TECNO POVA 6 NEO (Aurora Cloud, 8GB+256GB)| Advanced AI Features | 108MP Ultra Clear AI Camera | D6300 Powerful Processor | 5 Year Lag Free Fluency | 5000 mAh Battery | in Build Infrared and NFC","13,999",4.4 out of 5 stars,53,1K+ bought in past month,FREE delivery,"Tue, 8 Oct","Tomorrow, 5 Oct"
POCO C61 Diamond Dust Black 4GB RAM 64GB ROM,"6,299",3.4 out of 5 stars,19,1K+ bought in past month,FREE delivery,"Tue, 8 Oct","Tomorrow, 5 Oct"
Apple iPhone 15 Pro (1 TB) - Black Titanium,"1,59,900",4.3 out of 5 stars,337,Availability not listed,FREE delivery,"Tue, 8 Oct","Tomorrow, 5 Oct"
Apple iPhone 15 (256 GB) - Green,"79,900",4.5 out of 5 stars,"2,249",100+ bought in past month,FREE delivery,"Sun, 6 Oct","Tomorrow, 5 Oct"
Apple iPhone 15 Pro Max (256 GB) - Black Titanium,"1,30,900",4.4 out of 5 stars,348,100+ bought in past month,FREE delivery,"Sun, 6 Oct","Tomorrow, 5 Oct"
Apple iPhone 15 Plus (128 GB) - Black,"76,900",4.6 out of 5 stars,"1,016",100+ bought in past month,FREE delivery,"Sun, 6 Oct","Tomorrow, 5 Oct"
"Redmi 13C 5G (Startrail Silver, 6GB RAM, 128GB Storage) | MediaTek Dimensity 6100+ 5G | 90Hz Display","11,499",4.0 out of 5 stars,"8,064",3K+ bought in past month,FREE delivery,"Sun, 6 Oct","Tomorrow, 5 Oct"
"Samsung Galaxy S21 FE 5G (Olive, 8GB RAM, 256GB Storage) with Snapdragon 888 Processor","26,999",3.8 out of 5 stars,"1,468",2K+ bought in past month,FREE delivery,"Thu, 10 Oct",No fastest delivery date info
"Lava O3 (Glossy Black, 4 GB RAM, 64 GB Storage) | Ultra Fast Octa Core Processor | 6.75"" HD+ Display | 13MP AI Dual Rear Camera | 5000 mAh Battery","6,199",Rating not available,500+ bought in past month,500+ bought in past month,FREE delivery,"Tue, 8 Oct","Tomorrow, 5 Oct"
"realme NARZO 70 Turbo 5G (Turbo Yellow,12GB RAM,256GB Storage) | Segment's Fastest Dimensity 7300 Energy 5G Chipset | Motorsports Inspired Design","20,998",4.4 out of 5 stars,348,1K+ bought in past month,FREE delivery,"Tue, 8 Oct","Tomorrow, 5 Oct"
"vivo Y18 (Gem Green, 4GB RAM, 64GB Storage) with No Cost EMI/Additional Exchange Offers | Without Charger","8,499",3.6 out of 5 stars,31,100+ bought in past month,FREE delivery,"Tue, 8 Oct","Tomorrow, 5 Oct"
"Redmi Note 13 5G (Arctic White, 6GB RAM, 128GB Storage) | 5G Ready | 120Hz Bezel-Less AMOLED | 7.mm Slimmest Note Ever | 108MP Pro-Grade Camera","15,999",3.7 out of 5 stars,"5,115",2K+ bought in past month,FREE delivery,"Sun, 6 Oct","Tomorrow, 5 Oct"
"POCO X6 5G (Snowstorm White, 12 GB RAM 512 GB Storage)","18,999",4.0 out of 5 stars,916,1K+ bought in past month,FREE delivery,"Sun, 6 Oct","Tomorrow, 5 Oct"
"Samsung Galaxy M35 5G (Moonlight Blue,8GB RAM,256GB Storage)| Corning Gorilla Glass Victus+| AnTuTu Score 595K+ | Vapour Cooling Chamber | 6000mAh Battery | 120Hz Super AMOLED Display| Without Charger","19,499",4.1 out of 5 stars,"1,916",4K+ bought in past month,FREE delivery,"Mon, 7 Oct","Tomorrow, 5 Oct"
Apple iPhone 14 Pro (128 GB) - Space Black,"1,29,900",4.6 out of 5 stars,869,Availability not listed,FREE delivery,"Sat, 12 Oct",No fastest delivery date info
Apple iPhone 13 (128GB) - Green,"42,999",4.5 out of 5 stars,"29,534",5K+ bought in past month,FREE delivery,"Tue, 8 Oct","Tomorrow, 5 Oct"
"Samsung Galaxy M15 5G Prime Edition (Blue Topaz,4GB RAM,128GB Storage) | Super AMOLED Display| 50MP Triple Cam| 6000mAh Battery| MediaTek Dimensity 6100+ | 4 Gen. OS Upgrade & 5 Year Security Update","10,999",4.1 out of 5 stars,18,5K+ bought in past month,FREE delivery,"Wed, 9 Oct","Tomorrow, 5 Oct"
"realme NARZO 70 Turbo 5G (Turbo Yellow,6GB RAM,128GB Storage) | Segment's Fastest Dimensity 7300 Energy 5G Chipset | Motorsports Inspired Design","16,998",4.4 out of 5 stars,348,5K+ bought in past month,FREE delivery,"Sun, 6 Oct","Tomorrow, 5 Oct"
"TECNO POVA 6 NEO (Midnight Shadow, 8GB+256GB)| Advanced AI Features | 108MP Ultra Clear AI Camera | D6300 Powerful Processor | 5 Year Lag Free Fluency | 5000 mAh Battery | in Build Infrared and NFC","13,999",4.4 out of 5 stars,53,1K+ bought in past month,FREE delivery,"Mon, 7 Oct","Tomorrow, 5 Oct"
"iQOO Z9x 5G (Storm Grey, 8GB RAM, 128GB Storage) | Snapdragon 6 Gen 1 with 560k+ AnTuTu Score | 6000mAh Battery with 7.99mm Slim Design | 44W FlashCharge","15,499",4.1 out of 5 stars,"3,321",3K+ bought in past month,FREE delivery,"Sun, 6 Oct","Tomorrow, 5 Oct"
"realme NARZO N65 5G (Amber Gold 4GB RAM, 128GB Storage) India's 1st D6300 5G Chipset | Ultra Slim Design | 120Hz Eye Comfort Display | 50MP AI Camera| Charger in The Box","10,499",4.1 out of 5 stars,900,3K+ bought in past month,FREE delivery,"Sun, 6 Oct","Tomorrow, 5 Oct"
"Samsung Galaxy M55s 5G (Coral Green,8GB RAM,128GB Storage) | 50MP Triple Cam| 5000mAh Battery| Snapdragon 7 Gen 1 | 4 Gen. OS Upgrade & 5 Year Security Update| Super AMOLED+ Display| Without Charger","19,999",Rating not available,5K+ bought in past month,5K+ bought in past month,FREE delivery,"Sat, 12 Oct",No fastest delivery date info
"realme NARZO 70 Turbo 5G (Turbo Purple,6GB RAM,128GB Storage) | Segment's Fastest Dimensity 7300 Energy 5G Chipset | Motorsports Inspired Design","16,998",4.4 out of 5 stars,348,5K+ bought in past month,FREE delivery,"Mon, 7 Oct","Tomorrow, 5 Oct"
"Samsung Galaxy M14 4G (Arctic Blue,4GB,64GB) | 50MP Triple Cam | 5000mAh Battery | Snapdragon 680 Processor | 2 Gen. OS Upgrade & 4 Year Security Update | 8GB RAM with RAM Plus | Without Charger","8,599",3.8 out of 5 stars,361,2K+ bought in past month,FREE delivery,"Tue, 8 Oct","Sun, 6 Oct"
Apple iPhone 16 (128 GB) - Pink,"79,900",4.7 out of 5 stars,14,500+ bought in past month,FREE delivery,"Tue, 8 Oct","Tomorrow, 5 Oct"
Apple iPhone 15 (256 GB) - Green,"79,900",4.5 out of 5 stars,"2,249",100+ bought in past month,FREE delivery,"Sun, 6 Oct","Tomorrow, 5 Oct"
Apple iPhone 13 (128GB) - Midnight,"42,999",4.5 out of 5 stars,"29,534",5K+ bought in past month,FREE delivery,"Tue, 8 Oct","Tomorrow, 5 Oct"
Apple iPhone 16 (128 GB) - Pink,"79,900",4.7 out of 5 stars,14,500+ bought in past month,FREE delivery,"Tue, 8 Oct","Tomorrow, 5 Oct"
"realme NARZO 70 Turbo 5G (Turbo Yellow,6GB RAM,128GB Storage) | Segment's Fastest Dimensity 7300 Energy 5G Chipset | Motorsports Inspired Design","16,998",4.4 out of 5 stars,348,5K+ bought in past month,FREE delivery,"Sun, 6 Oct","Tomorrow, 5 Oct"
"Oneplus Nord CE4 (Celadon Marble, 8GB RAM, 128Gb Storage)","23,499",4.2 out of 5 stars,"4,851",5K+ bought in past month,FREE delivery,"Mon, 7 Oct","Tomorrow, 5 Oct"
"Samsung Galaxy A15 5G (Blue, 6GB, 128GB Storage) | 50 MP Main Camera | Android 14 with One UI 6.0 | 12GB Expandable RAM | MediaTek Dimensity 6100+ | 5000 mAh Battery","15,499",3.9 out of 5 stars,742,1K+ bought in past month,FREE delivery,"Sun, 6 Oct","Tomorrow, 5 Oct"
"TECNO POP 8 (Alpenglow Gold, 4GB+64GB)| 90Hz Punch Hole Display with Dynamic Port & Dual Speakers with DTS| 5000mAh Battery |10W Type-C| Side Fingerprint Sensor| Octa-Core Processor","6,799",4.1 out of 5 stars,"2,129",2K+ bought in past month,FREE delivery,"Sun, 6 Oct","Tomorrow, 5 Oct"
"Samsung Galaxy M35 5G (Thunder Grey,8GB RAM,256GB Storage)| Corning Gorilla Glass Victus+| AnTuTu Score 595K+ | Vapour Cooling Chamber | 6000mAh Battery | 120Hz Super AMOLED Display| Without Charger","19,499",4.1 out of 5 stars,"1,916",2K+ bought in past month,FREE delivery,"Mon, 7 Oct","Tomorrow, 5 Oct"
"iQOO Z7 Pro 5G (Blue Lagoon, 8GB RAM, 256GB Storage) | 3D Curved AMOLED Display | 4nm MediaTek Dimesity 7200 5G Processor | 64MP Aura Light OIS Camera | Segment's Slimmest & Lightest Smartphone","21,999",4.3 out of 5 stars,"7,429",1K+ bought in past month,FREE delivery,"Sun, 6 Oct","Tomorrow, 5 Oct"
"Samsung Galaxy M55s 5G (Coral Green,8GB RAM,256GB Storage) | 50MP Triple Cam| 5000mAh Battery| Snapdragon 7 Gen 1 | 4 Gen. OS Upgrade & 5 Year Security Update| Super AMOLED+ Display| Without Charger","22,999",Rating not available,1K+ bought in past month,1K+ bought in past month,FREE delivery,"Wed, 9 Oct","Tomorrow, 5 Oct"
POCO C65 (Pastel Blue 6GB RAM 128GB Storage),Price not listed,4.0 out of 5 stars,"2,461",2K+ bought in past month,Delivery info not available,No info,No info
Apple iPhone 15 Pro (1 TB) - Black Titanium,"1,59,900",4.3 out of 5 stars,337,Availability not listed,FREE delivery,"Tue, 8 Oct","Tomorrow, 5 Oct"
Apple iPhone 15 (128 GB) - Black,"69,900",4.5 out of 5 stars,"2,249",500+ bought in past month,FREE delivery,"Sun, 6 Oct","Tomorrow, 5 Oct"
"iQOO Z9x 5G (Storm Grey, 6GB RAM, 128GB Storage) | Snapdragon 6 Gen 1 with 560k+ AnTuTu Score | 6000mAh Battery with 7.99mm Slim Design | 44W FlashCharge","13,999",4.1 out of 5 stars,"3,321",5K+ bought in past month,FREE delivery,"Mon, 7 Oct","Tomorrow, 5 Oct"
"iQOO Z9 5G (Graphene Blue, 8GB RAM, 128GB Storage) | Dimensity 7200 5G Processor | Sony IMX882 OIS Camera | 120Hz AMOLED with 1800 nits Local Peak Brightness | 44W Charger in The Box","18,499",4.2 out of 5 stars,"4,659",4K+ bought in past month,FREE delivery,"Mon, 7 Oct","Tomorrow, 5 Oct"
"Motorola Edge 50 Fusion 5G (Hot Pink, 8GB RAM, 128GB Storage)","23,298",4.1 out of 5 stars,104,500+ bought in past month,FREE delivery,"Mon, 14 Oct",No fastest delivery date info
"Redmi A3X (Starry White, 3GB RAM, 64GB Storage) | Premium Halo Design | 90Hz Display | Powerful Octa Core Processor","6,405",3.5 out of 5 stars,57,200+ bought in past month,FREE delivery,"Tue, 8 Oct","Tomorrow, 5 Oct"
POCO C61 Mystical Green 4GB RAM 64GB ROM,"6,299",3.1 out of 5 stars,14,500+ bought in past month,FREE delivery,"Tue, 8 Oct","Tomorrow, 5 Oct"
"Samsung Galaxy M15 5G Prime Edition (Stone Grey,8GB RAM,128GB Storage)| Super AMOLED Display| 50MP Triple Cam| 6000mAh Battery| MediaTek Dimensity 6100+| 4 Gen. OS Upgrade & 5 Year Security Update","13,499",4.1 out of 5 stars,18,2K+ bought in past month,FREE delivery,No free delivery date info,No fastest delivery date info
"TECNO Camon 20 Premier 5G (Serenity Blue, 8GB RAM,512GB Storage)|8GB Expandable RAM| Industry 1st 50MP RGBW-Pro Camera| Segment 1st 108MP Ultra-Wide Macro Lens |6.67"" 120Hz, 10bit AMOLED in-Display","16,999",4.0 out of 5 stars,243,1K+ bought in past month,FREE delivery,"Mon, 7 Oct","Tomorrow, 5 Oct"
"realme 12x 5G (Woodland Green, 6GB RAM, 128GB Storage) | Upto 12GB (6+6GB) Dynamic RAM | Dimensity 6100+ Processor | 50 MP AI Camera | 7.69 mm Ultra-Slim Trendy Watch Design | 45 W SUPERVOOC Charge","12,770",4.0 out of 5 stars,555,1K+ bought in past month,FREE delivery,"Wed, 9 Oct","Tomorrow, 5 Oct"
Apple iPhone 15 Pro Max (256 GB) - Black Titanium,"1,30,900",4.4 out of 5 stars,348,100+ bought in past month,FREE delivery,"Sun, 6 Oct","Tomorrow, 5 Oct"
Apple iPhone 14 Pro (128 GB) - Space Black,"1,29,900",4.6 out of 5 stars,869,Availability not listed,FREE delivery,"Sat, 12 Oct",No fastest delivery date info
Apple iPhone 13 (128GB) - Midnight,"42,999",4.5 out of 5 stars,"29,534",5K+ bought in past month,FREE delivery,"Tue, 8 Oct","Tomorrow, 5 Oct"
Apple iPhone 16 (128 GB) - Pink,"79,900",4.7 out of 5 stars,14,500+ bought in past month,FREE delivery,"Tue, 8 Oct","Tomorrow, 5 Oct"
POCO M6 Pro 5G (128 GB) (6 GB RAM) (Power Black),"11,499",3.9 out of 5 stars,"4,775",1K+ bought in past month,FREE delivery,"Thu, 10 Oct",No fastest delivery date info
"OnePlus Nord 4 5G (Oasis Green, 8GB RAM, 256GB Storage)","32,998",4.2 out of 5 stars,794,5K+ bought in past month,FREE delivery,"Sun, 6 Oct","Tomorrow, 5 Oct"
Redmi 13 5g Black Diamond 6GB 128GB,"13,499",3.9 out of 5 stars,"1,370",5K+ bought in past month,FREE delivery,"Sun, 6 Oct","Tomorrow, 5 Oct"
"OnePlus 12R (Iron Gray, 16GB RAM, 256GB Storage)","40,998",4.3 out of 5 stars,"3,380",5K+ bought in past month,FREE delivery,"Mon, 7 Oct","Tomorrow, 5 Oct"
"POCO X6 5G (Mirror Black, 12 GB RAM 512 GB Storage)","18,999",4.0 out of 5 stars,916,1K+ bought in past month,FREE delivery,"Mon, 7 Oct","Tomorrow, 5 Oct"
"Redmi 13C 5G (Startrail Green, 8GB RAM, 256GB Storage) | MediaTek Dimensity 6100+ 5G | 90Hz Display","13,499",4.0 out of 5 stars,"8,064",1K+ bought in past month,FREE delivery,"Mon, 7 Oct","Tomorrow, 5 Oct"
"OPPO F27 Pro+ 5G (Midnight Navy, 8GB RAM, 256GB Storage) | 6.7"" FHD+ AMOLED Toughest 3D Curved Display|64MP AI Featured Camera|IP69 | 67W SUPERVOOC| with No Cost EMI/Additional Exchange Offers","29,999",4.0 out of 5 stars,263,500+ bought in past month,FREE delivery,"Sun, 6 Oct","Tomorrow, 5 Oct"
"Lava Yuva 3 (Cosmic Lavender,4+4*GB RAM,UFS 2.2 128GB Storage)|Premium Glossy Back|Octacore Processor|18W Fast Charging|90Hz Punch Hole Display|13MP AI Triple Camera|Side Fingerprint Sensor","6,699",4.0 out of 5 stars,179,500+ bought in past month,FREE delivery,"Sun, 6 Oct","Tomorrow, 5 Oct"
Apple iPhone 15 Pro (1 TB) - Black Titanium,"1,59,900",4.3 out of 5 stars,337,Availability not listed,FREE delivery,"Tue, 8 Oct","Tomorrow, 5 Oct"
Apple iPhone 15 Pro Max (256 GB) - Black Titanium,"1,30,900",4.4 out of 5 stars,348,100+ bought in past month,FREE delivery,"Sun, 6 Oct","Tomorrow, 5 Oct"
"Redmi A3X (Ocean Green, 3GB RAM, 64GB Storage) | Premium Halo Design | 90Hz Display | Powerful Octa Core Processor","6,570",3.5 out of 5 stars,57,500+ bought in past month,FREE delivery,"Wed, 9 Oct","Tomorrow, 5 Oct"
"iQOO Z9 Lite 5G (Mocha Brown, 4GB RAM, 128GB Storage) | Dimensity 6300 5G | 50MP Sony AI Camera | Charger in The Box | Rs 1000 Off on All Bank Cards","10,498",4.0 out of 5 stars,"1,101",5K+ bought in past month,FREE delivery,"Tue, 8 Oct","Tomorrow, 5 Oct"
"Infinix Note 40X 5G, Palm Blue (12GB, 256GB)","15,499",Rating not available,100+ bought in past month,100+ bought in past month,FREE delivery,"Tue, 8 Oct","Tomorrow, 5 Oct"
"POCO X6 Neo 5G (Astral Black, 8GB RAM, 128GB Storage) | Dimensity 6080 Processor | 5000 mAh Battery + 33W Fast Charging | 108MP + 2MP Rear Camera & 16MP Front Camera","12,999",3.7 out of 5 stars,146,2K+ bought in past month,FREE delivery,"Sun, 6 Oct","Tomorrow, 5 Oct"
Apple iPhone 13 (128GB) - Midnight,"42,999",4.5 out of 5 stars,"29,534",5K+ bought in past month,FREE delivery,"Tue, 8 Oct","Tomorrow, 5 Oct"
"realme C65 5G (Feather Green, 8GB RAM, 128GB Storage)","12,699",3.3 out of 5 stars,3,400+ bought in past month,FREE delivery,"Tue, 8 Oct","Tomorrow, 5 Oct"
"Oneplus Nord CE4 (Celadon Marble, 8GB RAM, 256GB Storage)","25,499",4.2 out of 5 stars,"4,851",5K+ bought in past month,FREE delivery,"Mon, 7 Oct","Tomorrow, 5 Oct"
"POCO X6 5G (Skyline Blue, 8 GB RAM 256 GB Storage)","15,999",4.0 out of 5 stars,916,1K+ bought in past month,FREE delivery,"Mon, 7 Oct","Tomorrow, 5 Oct"
Apple iPhone 15 (128 GB) - Black,"69,900",4.5 out of 5 stars,"2,249",500+ bought in past month,FREE delivery,"Sun, 6 Oct","Tomorrow, 5 Oct"
Apple iPhone 14 Pro (128 GB) - Space Black,"1,29,900",4.6 out of 5 stars,869,Availability not listed,FREE delivery,"Sat, 12 Oct",No fastest delivery date info
Apple iPhone 13 (128GB) - Midnight,"42,999",4.5 out of 5 stars,"29,534",5K+ bought in past month,FREE delivery,"Tue, 8 Oct","Tomorrow, 5 Oct"
Apple iPhone 15 (128 GB) - Black,"69,900",4.5 out of 5 stars,"2,249",500+ bought in past month,FREE delivery,"Sun, 6 Oct","Tomorrow, 5 Oct"
"HONOR 200 Pro 5G (Ocean Cyan, 12GB+512GB) | 6.78-inch AMOLED Quad-Curved Display | Dual OIS 50MP+50MP+12MP Camera | 50MP Selfie Camera | Snapdragon 8s Gen 3 | AI-Powered MagicOS 8.0 | Without Charger","44,998",4.3 out of 5 stars,116,200+ bought in past month,FREE delivery,"Mon, 7 Oct","Tomorrow, 5 Oct"
"realme NARZO N65 5G (Deep Green 8GB RAM, 128GB Storage) India's 1st D6300 5G Chipset | Ultra Slim 190g Design | 120Hz Eye Comfort Display | 50MP AI Camera| Charger in The Box","13,498",4.1 out of 5 stars,900,500+ bought in past month,FREE delivery,"Sun, 6 Oct","Tomorrow, 5 Oct"
SAMSUNG Galaxy S23 FE 5G (Purple 256 GB Storage) (8 GB RAM),"32,999",3.7 out of 5 stars,685,500+ bought in past month,FREE delivery,"Sat, 12 Oct",No fastest delivery date info
"Oneplus Nord CE4 (Dark Chrome, 8GB RAM, 128GB Storage)","23,499",4.2 out of 5 stars,"4,851",5K+ bought in past month,FREE delivery,"Mon, 7 Oct","Tomorrow, 5 Oct"
"OnePlus Nord CE4 Lite 5G (Ultra Orange, 8GB RAM, 128GB Storage)","19,998",4.1 out of 5 stars,"1,944",5K+ bought in past month,FREE delivery,"Sat, 12 Oct",No fastest delivery date info
"OPPO A3 Pro 5G (Moonlight Purple, 8GB RAM, 256GB Storage)|6.67” HD+ 120Hz Refresh Rate Screen | 45W SUPERVOOC|with No Cost EMI/Additional Exchange Offers","19,999",3.9 out of 5 stars,108,300+ bought in past month,FREE delivery,"Sun, 6 Oct","Tomorrow, 5 Oct"
"Redmi Note 13 5G (Chromatic Purple, 6GB RAM, 128GB Storage)","14,849",3.7 out of 5 stars,"5,115",1K+ bought in past month,FREE delivery,"Mon, 14 Oct",No fastest delivery date info
"TECNO Spark 20 PRO 5G (Glossy White, 8GB+256GB)| 108MP Ultra Clear Imaging | Super Ellipse Design | MTK D6080 5G Processor | 6.78"" 120Hz LTPS LCD Display | 5000mAh Battery with 33W Charger","16,999",4.4 out of 5 stars,65,Availability not listed,FREE delivery,"Mon, 7 Oct","Tomorrow, 5 Oct"
Apple iPhone 16 (128 GB) - Pink,"79,900",4.7 out of 5 stars,14,500+ bought in past month,FREE delivery,"Tue, 8 Oct","Tomorrow, 5 Oct"
Apple iPhone 15 Pro (1 TB) - Black Titanium,"1,59,900",4.3 out of 5 stars,337,Availability not listed,FREE delivery,"Tue, 8 Oct","Tomorrow, 5 Oct"
"HONOR 200 5G (Moonlight White, 8GB + 256GB) | 6.7-inch AMOLED Quad-Curved Display | Dual OIS 50MP + 50MP + 12MP Camera | 50MP Selfie Camera | AI-Powered MagicOS 8.0 | Without Charger","27,998",4.3 out of 5 stars,200,500+ bought in past month,FREE delivery,"Mon, 7 Oct","Tomorrow, 5 Oct"
"OnePlus Nord 4 5G (Obsidian Midnight, 12GB RAM, 256GB Storage)","35,998",4.2 out of 5 stars,794,1K+ bought in past month,FREE delivery,"Sun, 6 Oct","Tomorrow, 5 Oct"
"Samsung Galaxy A35 5G (Awesome Lilac, 8GB RAM, 256GB Storage) | Premium Glass Back | 50 MP Main Camera (OIS) | Nightography | IP67 | Corning Gorilla Glass Victus+ | sAMOLED with Vision Booster","33,999",3.6 out of 5 stars,290,200+ bought in past month,FREE delivery,"Sun, 6 Oct","Tomorrow, 5 Oct"
"POCO X6 5G (Snowstorm White, 12 GB RAM 256 GB Storage)","17,499",4.0 out of 5 stars,916,500+ bought in past month,FREE delivery,"Sun, 6 Oct","Tomorrow, 5 Oct"
"Vivo V40 5G Smartphone (Ganges Blue, 8GB RAM, 256GB Storage)","35,540",4.5 out of 5 stars,6,200+ bought in past month,FREE delivery,"Tue, 8 Oct","Tomorrow, 5 Oct"
"Redmi A3X (Midnight Black, 3GB RAM, 64GB Storage) | Premium Halo Design | 90Hz Display | Powerful Octa Core Processor","6,489",3.5 out of 5 stars,57,400+ bought in past month,FREE delivery,"Sun, 13 Oct",No fastest delivery date info
"OnePlus 12R (Iron Gray, 8 GB RAM, 256 GB Storage)","37,998",4.3 out of 5 stars,"3,380",5K+ bought in past month,FREE delivery,"Mon, 7 Oct","Tomorrow, 5 Oct"
"Nothing Phone 2a 5G (White, 8GB RAM, 256GB Storage)","23,480",4.1 out of 5 stars,635,300+ bought in past month,FREE delivery,"Sun, 6 Oct",No fastest delivery date info
Apple iPhone 14 Pro (128 GB) - Space Black,"1,29,900",4.6 out of 5 stars,869,Availability not listed,FREE delivery,"Sat, 12 Oct",No fastest delivery date info
Apple iPhone 14 (128 GB) - Purple,"59,900",4.5 out of 5 stars,"5,569",200+ bought in past month,FREE delivery,"Sun, 6 Oct","Tomorrow, 5 Oct"
Apple iPhone 16 (128 GB) - Pink,"79,900",4.7 out of 5 stars,14,500+ bought in past month,FREE delivery,"Tue, 8 Oct","Tomorrow, 5 Oct"
Apple iPhone 13 (128GB) - Midnight,"42,999",4.5 out of 5 stars,"29,534",5K+ bought in past month,FREE delivery,"Tue, 8 Oct","Tomorrow, 5 Oct"
"Lava O2 (Imperial Green, 8GB RAM, UFS 2.2 128GB Storage) |AG Glass Back|T616 Octacore Processor|18W Fast Charging|6.5 inch 90Hz Punch Hole Display|50MP AI Dual Camera|Upto 16GB Expandable RAM","7,999",3.7 out of 5 stars,411,1K+ bought in past month,FREE delivery,"Mon, 7 Oct","Tomorrow, 5 Oct"
"OnePlus 11R 5G (Sonic Black, 8GB RAM, 128GB Storage)","27,997",4.4 out of 5 stars,"17,608",5K+ bought in past month,FREE delivery,"Sat, 12 Oct",No fastest delivery date info
"HONOR 200 Pro 5G (Ocean Cyan, 12GB+512GB) | 6.78-inch AMOLED Quad-Curved Display | Dual OIS 50MP+50MP+12MP Camera | 50MP Selfie Camera | Snapdragon 8s Gen 3 | AI-Powered MagicOS 8.0 | Without Charger","44,998",4.3 out of 5 stars,116,200+ bought in past month,FREE delivery,"Mon, 7 Oct","Tomorrow, 5 Oct"
"iQOO Z9 5G (Brushed Green, 8GB RAM, 128GB Storage) | Dimensity 7200 5G Processor | Sony IMX882 OIS Camera | 120Hz AMOLED with 1800 nits Local Peak Brightness | 44W Charger in The Box","18,499",4.2 out of 5 stars,"4,659",5K+ bought in past month,FREE delivery,"Sun, 6 Oct","Tomorrow, 5 Oct"
"HONOR 200 5G (Moonlight White, 8GB + 256GB) | 6.7-inch AMOLED Quad-Curved Display | Dual OIS 50MP + 50MP + 12MP Camera | 50MP Selfie Camera | AI-Powered MagicOS 8.0 | Without Charger","27,998",4.3 out of 5 stars,200,500+ bought in past month,FREE delivery,"Mon, 7 Oct","Tomorrow, 5 Oct"
"OnePlus Nord 4 5G (Obsidian Midnight, 12GB RAM, 256GB Storage)","35,998",4.2 out of 5 stars,794,1K+ bought in past month,FREE delivery,"Sun, 6 Oct","Tomorrow, 5 Oct"
"POCO X6 Neo 5G (Martian Orange, 8GB RAM, 128GB Storage) | Dimensity 6080 Processor | 5000 mAh Battery + 33W Fast Charging | 108MP + 2MP Rear Camera & 16MP Front Camera","12,999",3.7 out of 5 stars,146,3K+ bought in past month,FREE delivery,"Sun, 6 Oct","Tomorrow, 5 Oct"
"Redmi Note 13 5G (Stealth Black, 12GB RAM, 256GB Storage) | 5G Ready | 120Hz Bezel-Less AMOLED | 7.mm Slimmest Note Ever | 108MP Pro-Grade Camera","18,999",3.7 out of 5 stars,"5,115",500+ bought in past month,FREE delivery,"Sun, 6 Oct","Tomorrow, 5 Oct"
Apple iPhone 15 Pro (512 GB) - Natural Titanium,"1,39,900",4.3 out of 5 stars,337,Availability not listed,FREE delivery,"Thu, 10 Oct",No fastest delivery date info
Apple iPhone 15 (512 GB) - Pink,"99,900",4.5 out of 5 stars,"2,249",Availability not listed,FREE delivery,"Thu, 10 Oct","Tomorrow, 5 Oct"
"Nokia 2660 Flip 4G Volte keypad Phone with Dual SIM, Dual Screen, inbuilt MP3 Player & Wireless FM Radio | Black","4,299",3.9 out of 5 stars,"2,132",1K+ bought in past month,FREE delivery,"Mon, 7 Oct","Tomorrow, 5 Oct"
"Vivo V40 5G Smartphone (Ganges Blue, 8GB RAM, 256GB Storage)","35,540",4.5 out of 5 stars,6,200+ bought in past month,FREE delivery,"Tue, 8 Oct","Tomorrow, 5 Oct"
"Redmi Note 13 5G (Arctic White, 8GB RAM, 256GB Storage) | 5G Ready | 120Hz Bezel-Less AMOLED | 7.mm Slimmest Note Ever | 108MP Pro-Grade Camera","17,999",3.7 out of 5 stars,"5,115",500+ bought in past month,FREE delivery,"Sun, 6 Oct","Tomorrow, 5 Oct"
"TECNO Pova 5 Pro 5G (Silver Fantasy, 8GB RAM,128GB Storage)| Segment 1st 68W Ultra Fast Charging | India's 1st Multi-colored Backlit ARC Interface | 50MP AI Dual Camera | 6.78”FHD+ Dot-in Display","13,999",4.0 out of 5 stars,"6,051",500+ bought in past month,FREE delivery,"Tue, 8 Oct","Tomorrow, 5 Oct"
"Redmi Note 13 Pro+ (Fusion Purple, 8GB RAM, 256GB Storage) | World's First Mediatek 7200 Ultra 5G | 200MP Hi-Res Camera | 1.5K Curved AMOLED | 120W HyperCharge","27,999",3.8 out of 5 stars,682,1K+ bought in past month,FREE delivery,"Sun, 6 Oct","Tomorrow, 5 Oct"
SAMSUNG Galaxy S23 FE 5G (Graphite 128 GB Storage) (8 GB RAM),"29,999",3.7 out of 5 stars,685,3K+ bought in past month,FREE delivery,"Sat, 12 Oct",No fastest delivery date info
"Redmi Note 13 Pro (Coral Purple, 12GB RAM, 256GB Storage) | 1.5K AMOLED | 200MP Hi-Res Camera | Flagship 4nm SD 7s Gen 2 | 67W TurboCharge","25,999",4.0 out of 5 stars,"1,065",1K+ bought in past month,FREE delivery,"Sun, 6 Oct","Tomorrow, 5 Oct"
"Vivo V40 5G Smartphone (Lotus Purple, 8GB RAM, 128GB Storage)","32,470",3.3 out of 5 stars,5,500+ bought in past month,FREE delivery,"Tue, 8 Oct","Tomorrow, 5 Oct"
Apple iPhone 15 Plus (128 GB) - Blue,"76,900",4.6 out of 5 stars,"1,016",100+ bought in past month,FREE delivery,"Sun, 6 Oct","Tomorrow, 5 Oct"
Apple iPhone 15 Pro Max (1 TB) - Natural Titanium,"1,74,900",4.4 out of 5 stars,348,Availability not listed,FREE delivery,"Sun, 6 Oct",No fastest delivery date info
Apple iPhone 15 (128 GB) - Black,"69,900",4.5 out of 5 stars,"2,249",500+ bought in past month,FREE delivery,"Sun, 6 Oct","Tomorrow, 5 Oct"
Apple iPhone 16 (256 GB) - Teal,"89,900",4.7 out of 5 stars,14,100+ bought in past month,FREE delivery,"Sat, 12 Oct",No fastest delivery date info
"Samsung Galaxy M55s 5G (Thunder Black,8GB RAM,256GB Storage) | 50MP Triple Cam| 5000mAh Battery| Snapdragon 7 Gen 1 | 4 Gen. OS Upgrade & 5 Year Security Update| Super AMOLED+ Display| Without Charger","22,999",Rating not available,1K+ bought in past month,1K+ bought in past month,FREE delivery,"Sat, 12 Oct",No fastest delivery date info
"OnePlus 12R (Sunset Dune, 8GB RAM, 256GB Storage)","37,998",4.3 out of 5 stars,"3,380",4K+ bought in past month,FREE delivery,"Sun, 6 Oct","Tomorrow, 5 Oct"
"OPPO A3 Pro 5G (Moonlight Purple, 8GB RAM, 128GB Storage)|6.67” HD+ 120Hz Refresh Rate Screen | 45W SUPERVOOC|with No Cost EMI/Additional Exchange Offers","17,999",3.9 out of 5 stars,108,500+ bought in past month,FREE delivery,"Sun, 6 Oct","Tomorrow, 5 Oct"
"Redmi Note 13 Pro (Coral Purple, 8GB RAM, 128GB Storage) | 1.5K AMOLED | 200MP Hi-Res Camera | Flagship 4nm SD 7s Gen 2 | 67W TurboCharge","22,999",4.0 out of 5 stars,"1,065",1K+ bought in past month,FREE delivery,"Sun, 6 Oct","Tomorrow, 5 Oct"
"realme NARZO 70 Turbo 5G (Turbo Yellow, 8GB RAM, 128GB Storage) | Segment's Fastest Dimensity 7300 Energy 5G Chipset | Motorsports Inspired Design","17,998",4.4 out of 5 stars,348,4K+ bought in past month,FREE delivery,"Sun, 6 Oct","Tomorrow, 5 Oct"
"Redmi Note 13 Pro+ (Fusion Purple, 12GB RAM, 512GB Storage) | World's First Mediatek 7200 Ultra 5G | 200MP Hi-Res Camera | 1.5K Curved AMOLED | 120W HyperCharge","31,999",3.8 out of 5 stars,682,500+ bought in past month,FREE delivery,"Sun, 6 Oct","Tomorrow, 5 Oct"
"TECNO Spark 20 PRO 5G (Glossy White, 8GB+256GB)| 108MP Ultra Clear Imaging | Super Ellipse Design | MTK D6080 5G Processor | 6.78"" 120Hz LTPS LCD Display | 5000mAh Battery with 33W Charger","16,999",4.4 out of 5 stars,65,Availability not listed,FREE delivery,"Mon, 7 Oct","Tomorrow, 5 Oct"
"Vivo Y200 5G Mobile (Jungle Green, 8GB RAM, 256GB Storage) with No Cost EMI/Additional Exchange Offers","22,999",3.9 out of 5 stars,197,200+ bought in past month,FREE delivery,"Mon, 7 Oct","Tomorrow, 5 Oct"
Apple iPhone 15 Pro (1 TB) - Black Titanium,"1,59,900",4.3 out of 5 stars,337,Availability not listed,FREE delivery,"Tue, 8 Oct","Tomorrow, 5 Oct"
Apple iPhone 14 Pro (128 GB) - Space Black,"1,29,900",4.6 out of 5 stars,869,Availability not listed,FREE delivery,"Sat, 12 Oct",No fastest delivery date info
HMD Crest Max 5G | Segment 1st 50 MP Front Cam | Triple Rear AI Cam with 64 MP Primary Sony Sensor | FHD+ OLED Display | 8 GB RAM & 256 GB Storage | Android 14 | 33W Fast Charger in Box | Deep Purple,"16,499",3.6 out of 5 stars,352,500+ bought in past month,FREE delivery,"Sun, 6 Oct","Tomorrow, 5 Oct"
"iQOO Z7 Pro 5G (Blue Lagoon, 8GB RAM, 128GB Storage) | 3D Curved AMOLED Display | 4nm MediaTek Dimesity 7200 5G Processor | 64MP Aura Light OIS Camera | Segment's Slimmest & Lightest Smartphone","20,999",4.4 out of 5 stars,"6,732",500+ bought in past month,FREE delivery,"Sun, 6 Oct","Tomorrow, 5 Oct"
"Samsung Galaxy A35 5G (Awesome Lilac, 8GB RAM, 256GB Storage) | Premium Glass Back | 50 MP Main Camera (OIS) | Nightography | IP67 | Corning Gorilla Glass Victus+ | sAMOLED with Vision Booster","33,999",3.6 out of 5 stars,290,200+ bought in past month,FREE delivery,"Sun, 6 Oct","Tomorrow, 5 Oct"
"OnePlus Nord 4 5G (Obsidian Midnight, 8GB RAM, 256GB Storage)","32,998",4.2 out of 5 stars,794,3K+ bought in past month,FREE delivery,"Sun, 6 Oct","Tomorrow, 5 Oct"
"realme NARZO 70 Pro 5G (Glass Green, 8GB RAM,128GB Storage) Dimensity 7050 5G Chipset | Horizon Glass Design | Segment 1st Flagship Sony IMX890 OIS Camera","17,998",4.1 out of 5 stars,"4,625",2K+ bought in past month,FREE delivery,"Mon, 7 Oct","Tomorrow, 5 Oct"
"Lava Blaze 5G (Glass Blue, 6GB RAM, UFS 2.2 128GB Storage) | 5G Ready | 50MP AI Triple Camera | Upto 11GB Expandable RAM | Charger Included | Clean Android (No Bloatware)","9,299",4.0 out of 5 stars,"5,371",100+ bought in past month,FREE delivery,"Tue, 8 Oct","Tomorrow, 5 Oct"
"vivo Y58 5G (Himalayan Blue, 8GB RAM, 128GB Storage) with No Cost EMI/Additional Exchange Offers","18,499",4.2 out of 5 stars,29,300+ bought in past month,FREE delivery,"Mon, 7 Oct","Tomorrow, 5 Oct"
"Samsung Galaxy M35 5G (Moonlight Blue,8GB RAM,128GB Storage)| Corning Gorilla Glass Victus+| AnTuTu Score 595K+ | Vapour Cooling Chamber | 6000mAh Battery | 120Hz Super AMOLED Display| Without Charger","16,499",4.1 out of 5 stars,"1,916",5K+ bought in past month,FREE delivery,No free delivery date info,No fastest delivery date info
Apple iPhone 15 Pro Max (1 TB) - Black Titanium,"1,74,900",4.4 out of 5 stars,348,Availability not listed,FREE delivery,"Mon, 7 Oct","Tomorrow, 5 Oct"
Apple iPhone 15 Plus (128 GB) - Black,"76,900",4.6 out of 5 stars,"1,016",100+ bought in past month,FREE delivery,"Sun, 6 Oct","Tomorrow, 5 Oct"
Apple iPhone 13 (128GB) - Midnight,"42,999",4.5 out of 5 stars,"29,534",5K+ bought in past month,FREE delivery,"Tue, 8 Oct","Tomorrow, 5 Oct"
Apple iPhone 16 (128 GB) - Pink,"79,900",4.7 out of 5 stars,14,500+ bought in past month,FREE delivery,"Tue, 8 Oct","Tomorrow, 5 Oct"
"Vivo Y200 5G Mobile (Jungle Green, 8GB RAM, 256GB Storage) with No Cost EMI/Additional Exchange Offers","22,999",3.9 out of 5 stars,197,200+ bought in past month,FREE delivery,"Mon, 7 Oct","Tomorrow, 5 Oct"
HMD Crest Max 5G | Segment 1st 50 MP Front Cam | Triple Rear AI Cam with 64 MP Primary Sony Sensor | FHD+ OLED Display | 8 GB RAM & 256 GB Storage | Android 14 | 33W Fast Charger in Box | Deep Purple,"16,499",3.6 out of 5 stars,352,500+ bought in past month,FREE delivery,"Sun, 6 Oct","Tomorrow, 5 Oct"
"Samsung Galaxy A35 5G (Awesome Lilac, 8GB RAM, 256GB Storage) | Premium Glass Back | 50 MP Main Camera (OIS) | Nightography | IP67 | Corning Gorilla Glass Victus+ | sAMOLED with Vision Booster","33,999",3.6 out of 5 stars,290,200+ bought in past month,FREE delivery,"Sun, 6 Oct","Tomorrow, 5 Oct"
"Redmi A3X (Olive Green, 4GB RAM, 128GB Storage) | Premium Halo Design | 90Hz Display | Powerful Octa Core Processor","7,999",3.5 out of 5 stars,57,100+ bought in past month,FREE delivery,"Tue, 8 Oct","Tomorrow, 5 Oct"
"realme NARZO 70 Pro 5G (Glass Green, 8GB RAM,128GB Storage) Dimensity 7050 5G Chipset | Horizon Glass Design | Segment 1st Flagship Sony IMX890 OIS Camera","17,998",4.1 out of 5 stars,"4,625",2K+ bought in past month,FREE delivery,"Mon, 7 Oct","Tomorrow, 5 Oct"
"Samsung Galaxy M35 5G (Daybreak Blue,8GB RAM,128GB Storage)| Corning Gorilla Glass Victus+| AnTuTu Score 595K+ | Vapour Cooling Chamber | 6000mAh Battery | 120Hz Super AMOLED Display| Without Charger","16,499",4.1 out of 5 stars,"1,916",5K+ bought in past month,FREE delivery,"Sat, 12 Oct",No fastest delivery date info
"Vivo T3x 5G (Crimson Bliss, 128 GB) (6 GB RAM)","15,960",4.0 out of 5 stars,29,2K+ bought in past month,FREE delivery,"Wed, 9 Oct","Tomorrow, 5 Oct"
"HONOR 200 5G (Black, 8GB + 256GB) | 6.7-inch AMOLED Quad-Curved Display | Dual OIS 50MP + 50MP + 12MP Camera | 50MP Selfie Camera | AI-Powered MagicOS 8.0 | Without Charger","26,998",4.3 out of 5 stars,200,1K+ bought in past month,FREE delivery,"Sun, 6 Oct","Tomorrow, 5 Oct"
Apple iPhone 15 Pro (1 TB) - Black Titanium,"1,59,900",4.3 out of 5 stars,337,Availability not listed,FREE delivery,"Tue, 8 Oct","Tomorrow, 5 Oct"
Apple iPhone 15 Pro Max (256 GB) - Black Titanium,"1,30,900",4.4 out of 5 stars,348,100+ bought in past month,FREE delivery,"Sun, 6 Oct","Tomorrow, 5 Oct"
"OnePlus Nord CE 3 Lite 5G (Pastel Lime, 8GB RAM, 256GB Storage)","18,770",4.2 out of 5 stars,"6,854",1K+ bought in past month,FREE delivery,"Wed, 9 Oct","Tomorrow, 5 Oct"
"Samsung Galaxy A35 5G (Awesome Iceblue, 8GB RAM, 128GB Storage) | Premium Glass Back | 50 MP Main Camera (OIS) | Nightography | IP67 | Corning Gorilla Glass Victus+ | sAMOLED with Vision Booster","30,999",3.6 out of 5 stars,114,500+ bought in past month,FREE delivery,"Sun, 6 Oct","Tomorrow, 5 Oct"
SAMSUNG GALAXY S23 FE 5G (MINT 256 GB STORAGE) (8 GB RAM),"32,999",3.8 out of 5 stars,75,1K+ bought in past month,FREE delivery,"Sat, 12 Oct",No fastest delivery date info
"iQOO Z9s 5G (Onyx Green, 8GB RAM, 256GB Storage) | 120 Hz 3D Curved AMOLED Display | 5500 mAh Ultra-Thin Battery | Dimesity 7300 5G Processor | Sony IMX882 OIS Camera with Aura Light","21,998",4.4 out of 5 stars,489,5K+ bought in past month,FREE delivery,"Sat, 12 Oct",No fastest delivery date info
"POCO X6 Neo 5G (Horizon Blue, 8GB RAM, 128GB Storage) | Dimensity 6080 Processor | 5000 mAh Battery + 33W Fast Charging | 108MP + 2MP Rear Camera & 16MP Front Camera","12,999",3.7 out of 5 stars,146,3K+ bought in past month,FREE delivery,"Sun, 6 Oct","Tomorrow, 5 Oct"
itel P55+ 4G | Upto 16GB RAM with Memory Fusion & 256GB ROM| 50MP AI Dual Rear Camera & 8MP Front Camera| 45W Charger with 5000 mAh Battery | Dynamic Bar|UFS 2.2| Meteor Black,"7,699",3.9 out of 5 stars,108,200+ bought in past month,FREE delivery,"Thu, 10 Oct","Tomorrow, 5 Oct"
"POCO M6 Pro 5G (Power Black, 4GB RAM, 128GB Storage) | Snapdragon 4 Gen 2 | 6.79"" Large Screen with 90Hz Refresh Rate | 50 MP Dual AI Camera","10,749",3.9 out of 5 stars,"4,775",2K+ bought in past month,FREE delivery,"Sun, 6 Oct","Tomorrow, 5 Oct"
"iQOO Z9x 5G (Tornado Green, 4GB RAM, 128GB Storage) | Snapdragon 6 Gen 1 with 560k+ AnTuTu Score | 6000mAh Battery with 7.99mm Slim Design | 44W FlashCharge","12,499",4.1 out of 5 stars,"3,321",4K+ bought in past month,FREE delivery,"Mon, 7 Oct","Tomorrow, 5 Oct"
Apple iPhone 15 (128 GB) - Black,"69,900",4.5 out of 5 stars,"2,249",500+ bought in past month,FREE delivery,"Sun, 6 Oct","Tomorrow, 5 Oct"
Apple iPhone 15 Plus (128 GB) - Black,"76,900",4.6 out of 5 stars,"1,016",100+ bought in past month,FREE delivery,"Sun, 6 Oct","Tomorrow, 5 Oct"
Apple iPhone 13 (128GB) - Midnight,"42,999",4.5 out of 5 stars,"29,534",5K+ bought in past month,FREE delivery,"Tue, 8 Oct","Tomorrow, 5 Oct"
Apple iPhone 16 (128 GB) - Pink,"79,900",4.7 out of 5 stars,14,500+ bought in past month,FREE delivery,"Tue, 8 Oct","Tomorrow, 5 Oct"
"OnePlus 12 (Flowy Emerald, 16GB RAM, 512GB Storage)","69,998",4.5 out of 5 stars,759,1K+ bought in past month,FREE delivery,"Mon, 7 Oct","Tomorrow, 5 Oct"
"Motorola Edge 50 Pro 5G with 125W Charger (Luxe Lavender, 256 GB) (12 GB RAM)","32,191",3.4 out of 5 stars,115,1K+ bought in past month,FREE delivery,"Sun, 6 Oct","Tomorrow, 5 Oct"
"itel A50|6.6"" HD+ Display with Dynamic Bar| 3GB RAM +64GB ROM, Upto 8GB RAM with Memory Fusion|Octacore Processor|8MP AI Dual Rear Cam|5000 mAh Battery | Misty Black","6,099",3.9 out of 5 stars,30,500+ bought in past month,FREE delivery,"Sun, 6 Oct","Tomorrow, 5 Oct"
"vivo Y28e 5G (Vintage Red, 4GB RAM, 128GB Storage) with No Cost EMI/Additional Exchange Offers | Without Charger","11,999",3.7 out of 5 stars,51,200+ bought in past month,FREE delivery,"Sun, 6 Oct","Tomorrow, 5 Oct"
"Vivo T2x 5G (Marine Blue, 128 GB) (6 GB RAM)","15,950",4.2 out of 5 stars,"1,117",100+ bought in past month,FREE delivery,"Tue, 8 Oct","Tomorrow, 5 Oct"
"Samsung Galaxy M14 4G (Sapphire Blue,4GB,64GB) | 50MP Triple Cam | 5000mAh Battery | Snapdragon 680 Processor | 2 Gen. OS Upgrade & 4 Year Security Update | 8GB RAM with RAM Plus | Without Charger","8,469",3.9 out of 5 stars,256,3K+ bought in past month,FREE delivery,"Wed, 9 Oct",No fastest delivery date info
"OnePlus Nord 4 5G (Oasis Green, 8GB RAM, 128GB Storage)","29,998",4.2 out of 5 stars,794,3K+ bought in past month,FREE delivery,"Sun, 6 Oct","Tomorrow, 5 Oct"
"Redmi Note 13 5G (Stealth Black, 6GB RAM, 128GB Storage) | 5G Ready | 120Hz Bezel-Less AMOLED | 7.mm Slimmest Note Ever | 108MP Pro-Grade Camera","15,999",3.7 out of 5 stars,"5,115",1K+ bought in past month,FREE delivery,"Mon, 7 Oct","Tomorrow, 5 Oct"
Apple iPhone 15 Pro (1 TB) - Black Titanium,"1,59,900",4.3 out of 5 stars,337,Availability not listed,FREE delivery,"Tue, 8 Oct","Tomorrow, 5 Oct"
Apple iPhone 15 Pro Max (256 GB) - Black Titanium,"1,30,900",4.4 out of 5 stars,348,100+ bought in past month,FREE delivery,"Sun, 6 Oct","Tomorrow, 5 Oct"
"Samsung Galaxy A15 5G (Light Blue, 8GB, 128GB Storage) | 50 MP Main Camera | Android 14 with One UI 6.0 | 16GB Expandable RAM | MediaTek Dimensity 6100+ | 5000 mAh Battery","16,999",3.9 out of 5 stars,742,300+ bought in past month,FREE delivery,"Sun, 6 Oct","Tomorrow, 5 Oct"
"iQOO Neo9 Pro 5G (Fiery Red, 8GB RAM, 256GB Storage) | Snapdragon 8 Gen 2 Processor | Supercomputing Chip Q1 | Flagship Level Sony IMX920 Camera","35,999",4.3 out of 5 stars,"3,294",3K+ bought in past month,FREE delivery,"Mon, 7 Oct","Tomorrow, 5 Oct"
"iQOO Neo9 Pro 5G (Fiery Red, 12GB RAM, 256GB Storage) | Snapdragon 8 Gen 2 Processor | Supercomputing Chip Q1 | Flagship Level Sony IMX920 Camera","37,999",4.3 out of 5 stars,"3,294",2K+ bought in past month,FREE delivery,"Mon, 7 Oct","Tomorrow, 5 Oct"
"Samsung Galaxy F55 5G (Raisin Black, 256 GB) (8 GB RAM)","23,980",5.0 out of 5 stars,1,100+ bought in past month,FREE delivery,"Wed, 9 Oct","Tomorrow, 5 Oct"
"Xiaomi 14 (Black, 12GB RAM, 512GB Storage) | 50MP Leica Professional Optics | 120 Hz 1.5K LTPO AMOLED | SD 8 Gen 3 Hyper OS","47,999",4.2 out of 5 stars,289,1K+ bought in past month,FREE delivery,"Sun, 6 Oct","Tomorrow, 5 Oct"
"Samsung Galaxy M35 5G (Moonlight Blue,8GB RAM,128GB Storage)| Corning Gorilla Glass Victus+| AnTuTu Score 595K+ | Vapour Cooling Chamber | 6000mAh Battery | 120Hz Super AMOLED Display| Without Charger","16,499",4.1 out of 5 stars,"1,916",5K+ bought in past month,FREE delivery,No free delivery date info,No fastest delivery date info
"Samsung Galaxy A55 5G (Awesome Navy, 12GB RAM, 256GB Storage) | Metal Frame | 50 MP Main Camera (OIS) | Nightography | IP67 | Corning Gorilla Glass Victus+ | sAMOLED with Vision Booster","45,999",4.0 out of 5 stars,246,300+ bought in past month,FREE delivery,"Sun, 6 Oct","Tomorrow, 5 Oct"
"iQOO Z9s 5G (Onyx Green, 8GB RAM, 256GB Storage) | 120 Hz 3D Curved AMOLED Display | 5500 mAh Ultra-Thin Battery | Dimesity 7300 5G Processor | Sony IMX882 OIS Camera with Aura Light","21,998",4.4 out of 5 stars,489,5K+ bought in past month,FREE delivery,"Sat, 12 Oct",No fastest delivery date info
Apple iPhone 15 (128 GB) - Black,"69,900",4.5 out of 5 stars,"2,249",500+ bought in past month,FREE delivery,"Sun, 6 Oct","Tomorrow, 5 Oct"
Apple iPhone 15 Plus (128 GB) - Black,"76,900",4.6 out of 5 stars,"1,016",100+ bought in past month,FREE delivery,"Sun, 6 Oct","Tomorrow, 5 Oct"
Apple iPhone 13 (128GB) - Midnight,"42,999",4.5 out of 5 stars,"29,534",5K+ bought in past month,FREE delivery,"Tue, 8 Oct","Tomorrow, 5 Oct"
Apple iPhone 16 (128 GB) - Pink,"79,900",4.7 out of 5 stars,14,500+ bought in past month,FREE delivery,"Tue, 8 Oct","Tomorrow, 5 Oct"
"Samsung Galaxy F15 5G (Jazzy Green, 6GB RAM, 128 GB Storage)","12,850",3.8 out of 5 stars,305,2K+ bought in past month,FREE delivery,"Wed, 16 Oct",No fastest delivery date info
"realme NARZO N65 5G (Amber Gold 8GB RAM, 128GB Storage) India's 1st D6300 5G Chipset | Ultra Slim Design | 120Hz Eye Comfort Display | 50MP AI Camera| Charger in The Box","13,498",4.1 out of 5 stars,900,500+ bought in past month,FREE delivery,"Mon, 7 Oct","Tomorrow, 5 Oct"
"Samsung Galaxy A15 5G (Light Blue, 6GB, 128GB Storage) | 50 MP Main Camera | Android 14 with One UI 6.0 | 12GB Expandable RAM | MediaTek Dimensity 6100+ | 5000 mAh Battery","15,499",3.9 out of 5 stars,742,500+ bought in past month,FREE delivery,"Sun, 6 Oct","Tomorrow, 5 Oct"
"iQOO Z9x 5G (Tornado Green, 4GB RAM, 128GB Storage) | Snapdragon 6 Gen 1 with 560k+ AnTuTu Score | 6000mAh Battery with 7.99mm Slim Design | 44W FlashCharge","12,499",4.1 out of 5 stars,"3,321",4K+ bought in past month,FREE delivery,"Mon, 7 Oct","Tomorrow, 5 Oct"
"Micromax All-New X809 |Robust & Reliable Design |Keypad Mobile with 2.4"" Big Screen| 1000 mAh Battery & Big Screen | Expandable Storage Upto 16GB| Super Battery Mode | Wireless FM |Blue","1,344",3.3 out of 5 stars,236,50+ bought in past month,FREE delivery,"Wed, 9 Oct","Tomorrow, 5 Oct"
"OPPO A3X 5G (Starry Purple, 4GB RAM, 128GB Storage)|6.67” HD+ 120Hz Refresh Rate Screen | 45W SUPERVOOC|with No Cost EMI/Additional Exchange Offers","13,499",3.6 out of 5 stars,48,400+ bought in past month,FREE delivery,"Sun, 6 Oct","Tomorrow, 5 Oct"
"iQOO 12 5G (Legend, 16GB RAM, 512GB Storage)","54,999",4.5 out of 5 stars,"2,595",1K+ bought in past month,FREE delivery,"Mon, 7 Oct","Tomorrow, 5 Oct"
"realme C65 5G (Feather Green, 128 GB) (4 GB RAM)","10,490",3.2 out of 5 stars,7,300+ bought in past month,FREE delivery,"Wed, 16 Oct",No fastest delivery date info
Apple iPhone 15 Pro (1 TB) - Black Titanium,"1,59,900",4.3 out of 5 stars,337,Availability not listed,FREE delivery,"Tue, 8 Oct","Tomorrow, 5 Oct"
Apple iPhone 15 Pro Max (256 GB) - Black Titanium,"1,30,900",4.4 out of 5 stars,348,100+ bought in past month,FREE delivery,"Sun, 6 Oct","Tomorrow, 5 Oct"
"Samsung Galaxy F55 5G (Raisin Black, 128 GB) (8 GB RAM)","20,440",3.0 out of 5 stars,18,400+ bought in past month,FREE delivery,"Wed, 9 Oct","Tomorrow, 5 Oct"
"Vivo T3 Lite 5G Smartphone (Majestic Black, 4GB Ram 128GB Storage)","11,234",3.6 out of 5 stars,8,300+ bought in past month,FREE delivery,"Wed, 16 Oct",No fastest delivery date info
"Samsung Galaxy A15 5G (Blue Black, 8GB, 128GB Storage) | 50 MP Main Camera | Android 14 with One UI 6.0 | 16GB Expandable RAM | MediaTek Dimensity 6100+ | 5000 mAh Battery","16,999",3.9 out of 5 stars,742,500+ bought in past month,FREE delivery,"Sun, 6 Oct","Tomorrow, 5 Oct"
"iQOO 12 5G (Legend, 12GB RAM, 256GB Storage)","49,999",4.5 out of 5 stars,"2,595",1K+ bought in past month,FREE delivery,"Mon, 7 Oct","Tomorrow, 5 Oct"
"OPPO F27 5G (Emerald Green, 8GB RAM, 128GB Storage) | 6.67"" FHD+ AMOLED Display|32MP Sony IMX615 Selfie Camera |AI Portrait Expert| 45W SUPERVOOC| with No Cost EMI/Additional Exchange Offers","20,999",3.4 out of 5 stars,28,300+ bought in past month,FREE delivery,"Sun, 6 Oct","Tomorrow, 5 Oct"
"realme GT 6T 5G (Fluid Silver,8GB RAM+128GB Storage) | India's 1st 7+ Gen 3 Flagship Chipset | 1.5M+AnTuTu Score | 5500mAh+120W | The World's Brightest Flagship Display","29,998",4.3 out of 5 stars,"1,762",2K+ bought in past month,FREE delivery,"Thu, 10 Oct",No fastest delivery date info
"iQOO Z9x 5G (Tornado Green, 8GB RAM, 128GB Storage) | Snapdragon 6 Gen 1 with 560k+ AnTuTu Score | 6000mAh Battery with 7.99mm Slim Design | 44W FlashCharge","15,499",4.1 out of 5 stars,"3,321",3K+ bought in past month,FREE delivery,"Sun, 6 Oct","Tomorrow, 5 Oct"
"OnePlus 12R (Cool Blue, 16GB RAM, 256GB Storage)","40,998",4.3 out of 5 stars,"3,380",5K+ bought in past month,FREE delivery,"Thu, 10 Oct",No fastest delivery date info
Apple iPhone 15 (128 GB) - Black,"69,900",4.5 out of 5 stars,"2,249",500+ bought in past month,FREE delivery,"Sun, 6 Oct","Tomorrow, 5 Oct"
Apple iPhone 15 Plus (128 GB) - Black,"76,900",4.6 out of 5 stars,"1,016",100+ bought in past month,FREE delivery,"Sun, 6 Oct","Tomorrow, 5 Oct"
Apple iPhone 13 (128GB) - Midnight,"42,999",4.5 out of 5 stars,"29,534",5K+ bought in past month,FREE delivery,"Tue, 8 Oct","Tomorrow, 5 Oct"
Apple iPhone 15 Pro (1 TB) - Black Titanium,"1,59,900",4.3 out of 5 stars,337,Availability not listed,FREE delivery,"Tue, 8 Oct","Tomorrow, 5 Oct"
"Micromax All-New X809 |Robust & Reliable Design |Keypad Mobile with 2.4"" Big Screen| 1000 mAh Battery & Big Screen | Expandable Storage Upto 16GB| Super Battery Mode | Wireless FM |Blue","1,344",3.3 out of 5 stars,236,50+ bought in past month,FREE delivery,"Wed, 9 Oct","Tomorrow, 5 Oct"
"Redmi Note 13 Pro (Arctic White, 12GB RAM, 256GB Storage) | 1.5K AMOLED | 200MP Hi-Res Camera | Flagship 4nm SD 7s Gen 2 | 67W TurboCharge","25,999",4.0 out of 5 stars,"1,065",200+ bought in past month,FREE delivery,"Mon, 7 Oct","Tomorrow, 5 Oct"
"OPPO F27 5G (Emerald Green, 8GB RAM, 128GB Storage) | 6.67"" FHD+ AMOLED Display|32MP Sony IMX615 Selfie Camera |AI Portrait Expert| 45W SUPERVOOC| with No Cost EMI/Additional Exchange Offers","20,999",3.4 out of 5 stars,28,300+ bought in past month,FREE delivery,"Sun, 6 Oct","Tomorrow, 5 Oct"
"realme GT 6T 5G (Fluid Silver,12GB RAM+512GB Storage) | India's 1st 7+ Gen 3 Flagship Chipset | 1.5M+AnTuTu Score | 5500mAh+120W | The World's Brightest Flagship Display","38,998",4.3 out of 5 stars,"1,762",400+ bought in past month,FREE delivery,"Sun, 6 Oct","Tomorrow, 5 Oct"
"itel Aura 05i (2GB RAM + 32GB ROM, Upto 4GB RAM with Memory Fusion | Type C Fast Charging | 6.6"" HD+ Display)- Glorious Orange","5,749",3.9 out of 5 stars,30,100+ bought in past month,FREE delivery,"Tue, 8 Oct","Tomorrow, 5 Oct"
"realme GT 6T 5G (Miracle Purple,12GB RAM+256GB Storage) | India's 1st 7+ Gen 3 Flagship Chipset | 1.5M + AnTuTu Score | 5500mAh+120W | The World's Brightest Flagship Display","34,998",4.3 out of 5 stars,"1,762",500+ bought in past month,FREE delivery,"Mon, 7 Oct","Tomorrow, 5 Oct"
"iQOO 12 5G (Legend, 12GB RAM, 256GB Storage)","49,999",4.5 out of 5 stars,"2,595",1K+ bought in past month,FREE delivery,"Mon, 7 Oct","Tomorrow, 5 Oct"
"Lava Storm 5G (Thunder Black, 8GB RAM, 128GB ROM), Premium Glass Back Design, MediaTek Dimensity 6080 Processor, 50MP+8MP Ultrawide Dual Camera, 16MP Front Camera, 33W Fast Charging, Clean Android","12,499",4.0 out of 5 stars,"1,213",500+ bought in past month,FREE delivery,"Sun, 6 Oct","Tomorrow, 5 Oct"
Apple iPhone 15 (128 GB) - Black,"69,900",4.5 out of 5 stars,"2,249",500+ bought in past month,FREE delivery,"Sun, 6 Oct","Tomorrow, 5 Oct"
Apple iPhone 14 Plus (128 GB) - Starlight,"69,900",4.5 out of 5 stars,"2,011",100+ bought in past month,FREE delivery,"Sun, 6 Oct","Tomorrow, 5 Oct"
"POCO X6 5G (Skyline Blue, 12 GB RAM 256 GB Storage)","17,499",4.0 out of 5 stars,916,500+ bought in past month,FREE delivery,"Mon, 7 Oct","Tomorrow, 5 Oct"
"Redmi Note 13 Pro (Midnight Black, 8GB RAM, 256GB Storage) | 1.5K AMOLED | 200MP Hi-Res Camera | Flagship 4nm SD 7s Gen 2 | 67W TurboCharge","24,999",4.0 out of 5 stars,"1,065",200+ bought in past month,FREE delivery,"Sun, 6 Oct","Tomorrow, 5 Oct"
"Vivo T3 Lite 5G Smartphone (Vibrant Green, 6GB Ram 128GB Storage)","12,950",3.4 out of 5 stars,23,500+ bought in past month,FREE delivery,"Tue, 8 Oct","Tomorrow, 5 Oct"
"Redmi A3X (Ocean Green, 4GB RAM, 128GB Storage) | Premium Halo Design | 90Hz Display | Powerful Octa Core Processor","7,550",3.5 out of 5 stars,57,100+ bought in past month,FREE delivery,"Mon, 14 Oct",No fastest delivery date info
"realme C67 5G (Dark Purple, 128 GB) (6 GB RAM)","11,674",4.0 out of 5 stars,115,100+ bought in past month,FREE delivery,"Tue, 8 Oct","Tomorrow, 5 Oct"
"Redmi A3 (Lake Blue, 4GB RAM, 128GB Storage) | Premium Halo Design | 90Hz Display | Powerful 4G G36 Processor","7,999",3.6 out of 5 stars,455,200+ bought in past month,FREE delivery,"Sun, 6 Oct","Tomorrow, 5 Oct"
"POCO M6 5G (Orion Blue, 4GB RAM, 128GB Storage) | MediaTek Dimensity 6100+ 5G Processor | 5000 mAh Battery + 18W Fast Charging | 50 MP AI Dual-Camera System & Side Fingerprint Sensor","9,249",3.9 out of 5 stars,"1,734",500+ bought in past month,FREE delivery,"Sun, 6 Oct","Tomorrow, 5 Oct"
"OPPO A3 Pro 5G (Starry Black, 8GB RAM, 256GB Storage)|6.67” HD+ 120Hz Refresh Rate Screen | 45W SUPERVOOC|with No Cost EMI/Additional Exchange Offers","19,999",3.9 out of 5 stars,108,100+ bought in past month,FREE delivery,"Sun, 6 Oct","Tomorrow, 5 Oct"
Apple iPhone 15 Plus (128 GB) - Blue,"76,900",4.6 out of 5 stars,"1,016",100+ bought in past month,FREE delivery,"Sun, 6 Oct","Tomorrow, 5 Oct"
Apple iPhone 14 Pro (128 GB) - Space Black,"1,29,900",4.6 out of 5 stars,869,Availability not listed,FREE delivery,"Sat, 12 Oct",No fastest delivery date info
Apple iPhone 13 (128GB) - Midnight,"42,999",4.5 out of 5 stars,"29,534",5K+ bought in past month,FREE delivery,"Tue, 8 Oct","Tomorrow, 5 Oct"
Apple iPhone 16 (128 GB) - Pink,"79,900",4.7 out of 5 stars,14,500+ bought in past month,FREE delivery,"Tue, 8 Oct","Tomorrow, 5 Oct"
"Redmi Note 13 Pro (Midnight Black, 8GB RAM, 128GB Storage) | 1.5K AMOLED | 200MP Hi-Res Camera | Flagship 4nm SD 7s Gen 2 | 67W TurboCharge","22,999",4.0 out of 5 stars,"1,065",500+ bought in past month,FREE delivery,"Sun, 6 Oct","Tomorrow, 5 Oct"
"Oppo Reno 11 Pro 5G (Pearl White, 12GB RAM 256GB Storage)","30,964.",3.3 out of 5 stars,15,50+ bought in past month,FREE delivery,"Wed, 9 Oct","Tomorrow, 5 Oct"
"Samsung Galaxy M14 5G (ICY Silver,6GB,128GB)|50MP Triple Cam|Segment's Only 6000 mAh 5G SP|5nm Processor|2 Gen. OS Upgrade & 4 Year Security Update|12GB RAM with RAM Plus|Android 13|Without Charger",Price not listed,4.1 out of 5 stars,"18,313",Availability not listed,Delivery info not available,No info,No info
"OnePlus Nord CE 2 Lite 5G (Blue Tide, 6GB RAM, 128GB Storage)","17,984",4.2 out of 5 stars,"52,562",100+ bought in past month,FREE delivery,"Tue, 8 Oct","Tomorrow, 5 Oct"
"Samsung Galaxy A15 5G (Blue Black, 6GB, 128GB Storage) | 50 MP Main Camera | Android 14 with One UI 6.0 | 12GB Expandable RAM | MediaTek Dimensity 6100+ | 5000 mAh Battery","15,499",3.9 out of 5 stars,742,400+ bought in past month,FREE delivery,"Sun, 6 Oct","Tomorrow, 5 Oct"
"OnePlus 12 (Silky Black, 16GB RAM, 512GB Storage)","69,998",4.5 out of 5 stars,478,1K+ bought in past month,FREE delivery,"Sun, 6 Oct","Tomorrow, 5 Oct"
"Vivo V30e 5G Smartphone (Velvet Red, 8GB RAM, 128GB Storage)","24,600",4.2 out of 5 stars,62,200+ bought in past month,FREE delivery,"Tue, 8 Oct","Tomorrow, 5 Oct"
"Samsung Galaxy S22 5G (Green, 8GB, 128GB Storage) with No Cost EMI/Additional Exchange Offers","34,799",4.3 out of 5 stars,"1,986",100+ bought in past month,FREE delivery,"Tue, 8 Oct","Tomorrow, 5 Oct"
Apple iPhone 15 Pro (1 TB) - Black Titanium,"1,59,900",4.3 out of 5 stars,337,Availability not listed,FREE delivery,"Tue, 8 Oct","Tomorrow, 5 Oct"
Apple iPhone 15 Pro Max (256 GB) - Black Titanium,"1,30,900",4.4 out of 5 stars,348,100+ bought in past month,FREE delivery,"Sun, 6 Oct","Tomorrow, 5 Oct"
"iQOO Z9 5G (Brushed Green, 8GB RAM, 256GB Storage) | Dimensity 7200 5G Processor | Sony IMX882 OIS Camera | 120Hz AMOLED with 1800 nits Local Peak Brightness | 44W Charger in The Box","20,499",4.2 out of 5 stars,"4,659",200+ bought in past month,FREE delivery,"Mon, 7 Oct","Tomorrow, 5 Oct"
"Lava Blaze 2 Pro (8 GB RAM, 128GB UFS Storage) - Cool Green|50 MP AI Triple Camera |18W Fast Charger| 6.5 inch(16.5cm) Display with 5000 mAh Battery| Upto 16GB Expandable RAM","7,519",4.0 out of 5 stars,15,50+ bought in past month,FREE delivery,"Wed, 9 Oct","Tomorrow, 5 Oct"
"TECNO Phantom V Flip 5G (Iconic Black 8GB RAM,256GB Storage) | 45W Fast Charging | 32 MP Selfie, 64 Rear Camera| 6.9"" Flexible, 1.32"" Secondrary AMOLED","54,899",3.3 out of 5 stars,220,300+ bought in past month,FREE delivery,"Mon, 7 Oct","Tomorrow, 5 Oct"
itel A70 | 12GB* RAM + 64GB ROM| 13MP Dual Rear Camera & 8MP Front Camera | 5000mAh Battery with Type-C Charging | Dynamic Bar | Side Fingerprint Sensor | Octa-Core Processor | Azure Blue,"6,499",3.9 out of 5 stars,"1,304",100+ bought in past month,FREE delivery,"Mon, 7 Oct","Tomorrow, 5 Oct"
"Samsung Galaxy A35 5G (Awesome Iceblue, 8GB RAM, 256GB Storage) | Premium Glass Back | 50 MP Main Camera (OIS) | Nightography | IP67 | Corning Gorilla Glass Victus+ | sAMOLED with Vision Booster","33,998",3.6 out of 5 stars,290,200+ bought in past month,FREE delivery,"Mon, 7 Oct","Tomorrow, 5 Oct"
"Nothing Phone (2a) 5G (Black, 8GB RAM, 128GB Storage) | 6.7"" AMOLED Display | 50MP (OIS) + 50 MP | 32 MP Front | Mediatek Dimensity 7200 Pro Processor | Glyph Interface | 45 W Charging 100% in 59 mins","22,399",4.1 out of 5 stars,635,200+ bought in past month,FREE delivery,"Wed, 16 Oct",No fastest delivery date info
"Samsung Galaxy S24 Ultra 5G AI Smartphone (Titanium Gray, 12GB, 512GB Storage)","1,31,999",4.4 out of 5 stars,171,300+ bought in past month,FREE delivery,"Thu, 10 Oct",No fastest delivery date info
"realme P1 5G (Phonix Red, 6GB RAM, 128GB Storage)","15,210",3.9 out of 5 stars,399,300+ bought in past month,FREE delivery,"Wed, 9 Oct","Tomorrow, 5 Oct"
Apple iPhone 15 (128 GB) - Black,"69,900",4.5 out of 5 stars,"2,249",500+ bought in past month,FREE delivery,"Sun, 6 Oct","Tomorrow, 5 Oct"
Apple iPhone 15 Plus (128 GB) - Black,"76,900",4.6 out of 5 stars,"1,016",100+ bought in past month,FREE delivery,"Sun, 6 Oct","Tomorrow, 5 Oct"
Apple iPhone 15 Pro Max (256 GB) - Blue Titanium,"1,34,900",4.4 out of 5 stars,348,Availability not listed,FREE delivery,"Mon, 7 Oct","Tomorrow, 5 Oct"
Apple iPhone 16 (256 GB) - Teal,"89,900",4.7 out of 5 stars,14,100+ bought in past month,FREE delivery,"Sat, 12 Oct",No fastest delivery date info
"Redmi Note 13 Pro (Scarlet Red, 8GB RAM, 128GB Storage) | 1.5K AMOLED | 200MP Hi-Res Camera | Flagship 4nm SD 7s Gen 2 | 67W TurboCharge","21,799",4.4 out of 5 stars,36,200+ bought in past month,FREE delivery,"Tue, 8 Oct","Tomorrow, 5 Oct"
"realme P1 5G (Phonix Red, 6GB RAM, 128GB Storage)","15,210",3.9 out of 5 stars,399,300+ bought in past month,FREE delivery,"Wed, 9 Oct","Tomorrow, 5 Oct"
"OPPO A3 Pro 5G (Starry Black, 8GB RAM, 128GB Storage)|6.67” HD+ 120Hz Refresh Rate Screen | 45W SUPERVOOC|with No Cost EMI/Additional Exchange Offers","17,999",3.9 out of 5 stars,108,100+ bought in past month,FREE delivery,"Sun, 6 Oct","Tomorrow, 5 Oct"
"Redmi Note 13 Pro+ (Fusion Black, 12GB RAM, 256GB Storage) | World's First Mediatek 7200 Ultra 5G | 200MP Hi-Res Camera | 1.5K Curved AMOLED | 120W HyperCharge","29,999",3.8 out of 5 stars,682,200+ bought in past month,FREE delivery,"Sun, 6 Oct","Tomorrow, 5 Oct"
"Redmi Note 13 Pro (Arctic White, 8GB RAM, 128GB Storage) | 1.5K AMOLED | 200MP Hi-Res Camera | Flagship 4nm SD 7s Gen 2 | 67W TurboCharge","22,999",4.0 out of 5 stars,"1,065",400+ bought in past month,FREE delivery,"Sun, 6 Oct","Tomorrow, 5 Oct"
"realme NARZO 70 5G (Ice Blue,8GB RAM, 128GB Storage | Dimensity 7050 5G Chipset | 120Hz AMOLED Display | 50MP Primary Camera | 45W Charger in The Box","16,998",4.1 out of 5 stars,"1,439",3K+ bought in past month,FREE delivery,"Tue, 8 Oct","Tomorrow, 5 Oct"
"itel A70 (4GB RAM, 64GB ROM) Upto 12GB RAM with Memory Fusion | 13MP Dual Rear Camera & 8MP Front Camera | 5000mAh with Type-C | Dynamic Bar | Side Fingerprint | Octa-Core Processor | Starlish Black","6,415",3.9 out of 5 stars,"1,304",100+ bought in past month,FREE delivery,"Mon, 7 Oct","Tomorrow, 5 Oct"
"OPPO A3X 5G (Starry Purple, 4GB RAM, 64GB Storage)|6.67” HD+ 120Hz Refresh Rate Screen | 45W SUPERVOOC|with No Cost EMI/Additional Exchange Offers","12,499",3.6 out of 5 stars,48,100+ bought in past month,FREE delivery,"Sun, 6 Oct","Tomorrow, 5 Oct"
Apple iPhone 15 (256 GB) - Yellow,"79,900",4.5 out of 5 stars,"2,249",Availability not listed,FREE delivery,"Mon, 7 Oct","Tomorrow, 5 Oct"
Apple iPhone 13 (128GB) - Midnight,"42,999",4.5 out of 5 stars,"29,534",5K+ bought in past month,FREE delivery,"Tue, 8 Oct","Tomorrow, 5 Oct"
"Redmi A3X (Midnight Black, 4GB RAM, 128GB Storage) | Premium Halo Design | 90Hz Display | Powerful Octa Core Processor","7,550",3.5 out of 5 stars,57,100+ bought in past month,FREE delivery,"Mon, 14 Oct",No fastest delivery date info
"realme C67 5G (Sunny Oasis, 128 GB) (6 GB RAM)","11,940",4.0 out of 5 stars,171,100+ bought in past month,FREE delivery,"Tue, 8 Oct","Tomorrow, 5 Oct"
"(Refurbished) POCO C51 (Royal Blue, 6GB RAM, 128GB Storage)","6,999",Rating not available,New Price:,Availability not listed,FREE delivery,"Tue, 8 Oct","Tomorrow, 5 Oct"
"realme GT 6T 5G (Razor Green,8GB RAM+256GB Storage) | India's 1st 7+ Gen 3 Flagship Chipset | 1.5M + AnTuTu Score | 5500mAh+120W | The World's Brightest Flagship Display","31,998",4.3 out of 5 stars,"1,762",4K+ bought in past month,FREE delivery,"Thu, 10 Oct",No fastest delivery date info
"OnePlus 12R (Cool Blue, 16GB RAM, 256GB Storage)","40,998",4.3 out of 5 stars,"3,380",5K+ bought in past month,FREE delivery,"Thu, 10 Oct",No fastest delivery date info
Itel A70 Smartphone,"6,699",3.9 out of 5 stars,173,300+ bought in past month,FREE delivery,"Tue, 8 Oct","Tomorrow, 5 Oct"
"iQOO Z9s 5G (Titanium Matte, 8GB RAM, 256GB Storage) | 120 Hz 3D Curved AMOLED Display | 5500 mAh Ultra-Thin Battery | Dimesity 7300 5G Processor | Sony IMX882 OIS Camera with Aura Light","21,998",4.4 out of 5 stars,489,5K+ bought in past month,FREE delivery,No free delivery date info,No fastest delivery date info
"iQOO Z9 Lite 5G (Mocha Brown, 6GB RAM, 128GB Storage) | Dimensity 6300 5G | 50MP Sony AI Camera | Charger in The Box | Rs 1000 Off on All Bank Cards","11,498",4.0 out of 5 stars,"1,101",5K+ bought in past month,FREE delivery,"Sun, 6 Oct",No fastest delivery date info
Apple iPhone 14 (256 GB) - Midnight,"69,900",4.5 out of 5 stars,"5,569",Availability not listed,FREE delivery,"Tue, 8 Oct","Tomorrow, 5 Oct"
Apple iPhone 15 Pro (1 TB) - Black Titanium,"1,59,900",4.3 out of 5 stars,337,Availability not listed,FREE delivery,"Tue, 8 Oct","Tomorrow, 5 Oct"
Apple iPhone 16 (128 GB) - White,"79,900",4.7 out of 5 stars,14,500+ bought in past month,FREE delivery,"Sat, 12 Oct",No fastest delivery date info
Apple iPhone 15 (128 GB) - Black,"69,900",4.5 out of 5 stars,"2,249",500+ bought in past month,FREE delivery,"Sun, 6 Oct","Tomorrow, 5 Oct"
"Samsung Galaxy M35 5G (Daybreak Blue,8GB RAM,128GB Storage)| Corning Gorilla Glass Victus+| AnTuTu Score 595K+ | Vapour Cooling Chamber | 6000mAh Battery | 120Hz Super AMOLED Display| Without Charger","16,499",4.1 out of 5 stars,"1,916",5K+ bought in past month,FREE delivery,"Sat, 12 Oct",No fastest delivery date info
"Vivo T3x 5G (Crimson Bliss, 128 GB) (6 GB RAM)","15,450",4.2 out of 5 stars,12,500+ bought in past month,FREE delivery,"Wed, 16 Oct",No fastest delivery date info
"iQOO Z9 5G (Brushed Green, 8GB RAM, 128GB Storage) | Dimensity 7200 5G Processor | Sony IMX882 OIS Camera | 120Hz AMOLED with 1800 nits Local Peak Brightness | 44W Charger in The Box","18,499",4.2 out of 5 stars,"4,659",5K+ bought in past month,FREE delivery,"Sun, 6 Oct","Tomorrow, 5 Oct"
SAMSUNG Galaxy S23 FE 5G (Graphite 256 GB Storage) (8 GB RAM),"34,499",3.7 out of 5 stars,685,1K+ bought in past month,FREE delivery,"Wed, 16 Oct",No fastest delivery date info
"OnePlus Nord 4 5G (Oasis Green, 8GB RAM, 128GB Storage)","29,998",4.2 out of 5 stars,794,3K+ bought in past month,FREE delivery,"Sun, 6 Oct","Tomorrow, 5 Oct"
"Redmi Note 13 Pro (Arctic White, 8GB RAM, 128GB Storage) | 1.5K AMOLED | 200MP Hi-Res Camera | Flagship 4nm SD 7s Gen 2 | 67W TurboCharge","22,999",4.0 out of 5 stars,"1,065",400+ bought in past month,FREE delivery,"Sun, 6 Oct","Tomorrow, 5 Oct"
"Samsung Galaxy S22 5G (Green, 8GB, 128GB Storage) with No Cost EMI/Additional Exchange Offers","34,799",4.3 out of 5 stars,"1,986",100+ bought in past month,FREE delivery,"Tue, 8 Oct","Tomorrow, 5 Oct"
"OnePlus Nord 4 5G (Obsidian Midnight, 8GB RAM, 128GB Storage)","29,998",4.2 out of 5 stars,794,2K+ bought in past month,FREE delivery,"Sun, 6 Oct","Tomorrow, 5 Oct"
Apple iPhone 15 Pro (512 GB) - White Titanium,"1,39,900",4.3 out of 5 stars,337,Availability not listed,FREE delivery,"Tue, 8 Oct","Tomorrow, 5 Oct"
Apple iPhone 15 Pro Max (512 GB) - Blue Titanium,"1,54,900",4.4 out of 5 stars,348,Availability not listed,FREE delivery,"Tue, 8 Oct","Tomorrow, 5 Oct"
"Samsung Galaxy M15 5G Prime Edition (Celestial Blue,6GB RAM,128GB Storage)| Super AMOLED Display| 50MP Triple Cam| 6000mAh Battery| MediaTek Dimensity 6100+| 4 Gen. OS Upgrade & 5 Year Security Update",Price not listed,4.1 out of 5 stars,18,5K+ bought in past month,Delivery info not available,No info,No info
"iQOO Z9x 5G (Storm Grey, 4GB RAM, 128GB Storage) | Snapdragon 6 Gen 1 with 560k+ AnTuTu Score | 6000mAh Battery with 7.99mm Slim Design | 44W FlashCharge","12,499",4.1 out of 5 stars,"3,321",2K+ bought in past month,FREE delivery,"Mon, 7 Oct","Tomorrow, 5 Oct"
"Samsung Galaxy M15 5G Prime Edition (Blue Topaz,8GB RAM,128GB Storage) | Super AMOLED Display| 50MP Triple Cam| 6000mAh Battery| MediaTek Dimensity 6100+ | 4 Gen. OS Upgrade & 5 Year Security Update","13,499",4.1 out of 5 stars,18,2K+ bought in past month,FREE delivery,"Sun, 13 Oct",No fastest delivery date info
"iQOO 12 5G (Legend, 12GB RAM, 256GB Storage)","49,999",4.5 out of 5 stars,"2,595",1K+ bought in past month,FREE delivery,"Mon, 7 Oct","Tomorrow, 5 Oct"
"Redmi Note 13 Pro (Midnight Black, 8GB RAM, 128GB Storage) | 1.5K AMOLED | 200MP Hi-Res Camera | Flagship 4nm SD 7s Gen 2 | 67W TurboCharge","22,999",4.0 out of 5 stars,"1,065",500+ bought in past month,FREE delivery,"Sun, 6 Oct","Tomorrow, 5 Oct"
"realme GT 6T 5G (Fluid Silver,8GB RAM+256GB Storage) | India's 1st 7+ Gen 3 Flagship Chipset | 1.5M + AnTuTu Score | 5500mAh+120W | The World's Brightest Flagship Display","31,998",4.3 out of 5 stars,"1,762",5K+ bought in past month,FREE delivery,"Sat, 12 Oct",No fastest delivery date info
SAMSUNG Galaxy S23 FE 5G (Mint 128 GB Storage) (8 GB RAM),"31,499",3.7 out of 5 stars,685,2K+ bought in past month,FREE delivery,"Mon, 7 Oct","Tomorrow, 5 Oct"
"Vivo V40 Pro 5G AI Smartphone (Ganges Blue, 12GB RAM+ 512GB Storage)","52,280",3.8 out of 5 stars,11,100+ bought in past month,FREE delivery,"Tue, 8 Oct","Tomorrow, 5 Oct"
Apple iPhone 13 (256GB) - (Product) RED,"53,999",4.5 out of 5 stars,"29,534",200+ bought in past month,FREE delivery,"Tue, 8 Oct","Tomorrow, 5 Oct"
Apple iPhone 16 Plus (128 GB) - Black,"89,900",4.0 out of 5 stars,17,200+ bought in past month,FREE delivery,"Wed, 9 Oct","Tomorrow, 5 Oct"
Apple iPhone 16 (128 GB) - White,"79,900",4.7 out of 5 stars,14,500+ bought in past month,FREE delivery,"Sat, 12 Oct",No fastest delivery date info
Apple iPhone 15 Pro Max (256 GB) - Natural Titanium,"1,34,900",4.4 out of 5 stars,348,50+ bought in past month,FREE delivery,"Sun, 6 Oct","Tomorrow, 5 Oct"
"realme GT 6T 5G (Miracle Purple,12GB RAM+256GB Storage) | India's 1st 7+ Gen 3 Flagship Chipset | 1.5M + AnTuTu Score | 5500mAh+120W | The World's Brightest Flagship Display","34,998",4.3 out of 5 stars,"1,762",500+ bought in past month,FREE delivery,"Mon, 7 Oct","Tomorrow, 5 Oct"
"iQOO Z9x 5G (Tornado Green, 4GB RAM, 128GB Storage) | Snapdragon 6 Gen 1 with 560k+ AnTuTu Score | 6000mAh Battery with 7.99mm Slim Design | 44W FlashCharge","12,499",4.1 out of 5 stars,"3,321",4K+ bought in past month,FREE delivery,"Mon, 7 Oct","Tomorrow, 5 Oct"
"OPPO A3 Pro 5G (Starry Black, 8GB RAM, 256GB Storage)|6.67” HD+ 120Hz Refresh Rate Screen | 45W SUPERVOOC|with No Cost EMI/Additional Exchange Offers","19,999",3.9 out of 5 stars,108,100+ bought in past month,FREE delivery,"Sun, 6 Oct","Tomorrow, 5 Oct"
"OPPO A3X 5G (Starry Purple, 4GB RAM, 64GB Storage)|6.67” HD+ 120Hz Refresh Rate Screen | 45W SUPERVOOC|with No Cost EMI/Additional Exchange Offers","12,499",3.6 out of 5 stars,48,100+ bought in past month,FREE delivery,"Sun, 6 Oct","Tomorrow, 5 Oct"
"Samsung Galaxy M15 5G Prime Edition (Stone Grey,8GB RAM,128GB Storage)| Super AMOLED Display| 50MP Triple Cam| 6000mAh Battery| MediaTek Dimensity 6100+| 4 Gen. OS Upgrade & 5 Year Security Update","13,499",4.1 out of 5 stars,18,2K+ bought in past month,FREE delivery,No free delivery date info,No fastest delivery date info
"OnePlus 12R (Cool Blue, 16GB RAM, 256GB Storage)","40,998",4.3 out of 5 stars,"3,380",5K+ bought in past month,FREE delivery,"Thu, 10 Oct",No fastest delivery date info
"OnePlus 11R 5G (Galactic Silver, 8GB RAM, 128GB Storage)","27,997",4.4 out of 5 stars,"17,608",5K+ bought in past month,FREE delivery,"Tue, 8 Oct","Tomorrow, 5 Oct"
"vivo Y28s 5G (Twinkling Purple, 6GB RAM, 128GB Storage) with No Cost EMI/Additional Exchange Offers","14,999",3.8 out of 5 stars,46,200+ bought in past month,FREE delivery,"Sun, 6 Oct","Tomorrow, 5 Oct"
Apple iPhone 15 (512 GB) - Blue,"99,900",4.5 out of 5 stars,"2,249",Availability not listed,FREE delivery,"Sat, 12 Oct",No fastest delivery date info
Apple iPhone 14 Pro (128 GB) - Space Black,"1,29,900",4.6 out of 5 stars,869,Availability not listed,FREE delivery,"Sat, 12 Oct",No fastest delivery date info
"Micromax in 2C (Silver, 32 GB) (3 GB RAM)","5,690",3.5 out of 5 stars,77,100+ bought in past month,FREE delivery,"Sat, 12 Oct",No fastest delivery date info
"Redmi Note 13 Pro (Coral Purple, 12GB RAM, 256GB Storage) Without Offer","24,309",4.0 out of 5 stars,"1,065",100+ bought in past month,FREE delivery,"Wed, 9 Oct","Tomorrow, 5 Oct"
"realme 13 Pro 5G (256, Emerald Green, New)","25,994",3.6 out of 5 stars,73,200+ bought in past month,FREE delivery,"Thu, 10 Oct",No fastest delivery date info
"HONOR 200 Lite 5G (Midnight Black, 8GB+256GB) | 108MP & 50MP Spotlight Portrait Camera | Flagship AMOLED Display | 3240Hz PWM Dimming | AI-Powered MagicOS 8.0 | Charger in The Box","17,998",3.8 out of 5 stars,8,100+ bought in past month,FREE delivery,"Tue, 8 Oct","Sun, 6 Oct"
"Vivo V30e 5G Smartphone (Silk Blue, 8GB RAM, 256GB Storage)","27,590",4.2 out of 5 stars,62,100+ bought in past month,FREE delivery,"Mon, 7 Oct","Tomorrow, 5 Oct"
"Redmi Note 13 Pro+ (Fusion White, 12GB RAM, 512GB Storage) | World's First Mediatek 7200 Ultra 5G | 200MP Hi-Res Camera | 1.5K Curved AMOLED | 120W HyperCharge","31,999",3.8 out of 5 stars,682,100+ bought in past month,FREE delivery,"Sun, 6 Oct","Tomorrow, 5 Oct"
"Samsung Galaxy M35 5G (Daybreak Blue,8GB RAM,128GB Storage)| Corning Gorilla Glass Victus+| AnTuTu Score 595K+ | Vapour Cooling Chamber | 6000mAh Battery | 120Hz Super AMOLED Display| Without Charger","16,499",4.1 out of 5 stars,"1,916",5K+ bought in past month,FREE delivery,"Sat, 12 Oct",No fastest delivery date info
"Oneplus Nord N20 SE (Jade Wave, 4GB RAM+ 128GB Storage) MediaTek Helio Processor | LCD Display | Dual Sim | 5000mAh Battery","11,160",Rating not available,M.R.P:,Availability not listed,FREE delivery,"Wed, 9 Oct","Tomorrow, 5 Oct"
Apple iPhone 13 (128GB) - Midnight,"42,999",4.5 out of 5 stars,"29,534",5K+ bought in past month,FREE delivery,"Tue, 8 Oct","Tomorrow, 5 Oct"
Apple iPhone 15 Pro (1 TB) - Black Titanium,"1,59,900",4.3 out of 5 stars,337,Availability not listed,FREE delivery,"Tue, 8 Oct","Tomorrow, 5 Oct"
Apple iPhone 13 (128GB) - Midnight,"42,999",4.5 out of 5 stars,"29,534",5K+ bought in past month,FREE delivery,"Tue, 8 Oct","Tomorrow, 5 Oct"
Apple iPhone 16 (128 GB) - Pink,"79,900",4.7 out of 5 stars,14,500+ bought in past month,FREE delivery,"Tue, 8 Oct","Tomorrow, 5 Oct"
"Vivo T3x 5G (Crimson Bliss, 128 GB) (6 GB RAM)","15,450",4.2 out of 5 stars,12,500+ bought in past month,FREE delivery,"Wed, 16 Oct",No fastest delivery date info
"iQOO Z9 5G (Brushed Green, 8GB RAM, 128GB Storage) | Dimensity 7200 5G Processor | Sony IMX882 OIS Camera | 120Hz AMOLED with 1800 nits Local Peak Brightness | 44W Charger in The Box","18,499",4.2 out of 5 stars,"4,659",5K+ bought in past month,FREE delivery,"Sun, 6 Oct","Tomorrow, 5 Oct"
"realme 13 5G (Dark Purple, 8GB RAM, 128GB Storage) | Expandable Upto 2TB | Up to 18GB Dynamic RAM | 50MP AI Dual Camera | 6.72"" AMOLED Display | 45W Ultra Charging DAK | Dimensity 6300 Processor","15,418",3.4 out of 5 stars,6,200+ bought in past month,FREE delivery,"Tue, 8 Oct","Tomorrow, 5 Oct"
SAMSUNG Galaxy S23 FE 5G (Graphite 256 GB Storage) (8 GB RAM),"34,499",3.7 out of 5 stars,685,1K+ bought in past month,FREE delivery,"Wed, 16 Oct",No fastest delivery date info
"OnePlus Nord 4 5G (Oasis Green, 8GB RAM, 128GB Storage)","29,998",4.2 out of 5 stars,794,3K+ bought in past month,FREE delivery,"Sun, 6 Oct","Tomorrow, 5 Oct"
"Redmi Note 13 Pro (Arctic White, 8GB RAM, 128GB Storage) | 1.5K AMOLED | 200MP Hi-Res Camera | Flagship 4nm SD 7s Gen 2 | 67W TurboCharge","22,999",4.0 out of 5 stars,"1,065",400+ bought in past month,FREE delivery,"Sun, 6 Oct","Tomorrow, 5 Oct"
"Vivo Y200e 5G (Black Diamond, 6GB RAM, 128GB Storage) with No Cost EMI/Additional Exchange Offers","19,999",4.1 out of 5 stars,289,Availability not listed,FREE delivery,"Mon, 7 Oct","Tomorrow, 5 Oct"
"OPPO F27 Pro+ 5G (Midnight Navy, 8GB RAM, 128GB Storage) | 6.7"" FHD+ AMOLED Toughest 3D Curved Display|64MP AI Featured Camera|IP69 | 67W SUPERVOOC| with No Cost EMI/Additional Exchange Offers","27,999",4.0 out of 5 stars,263,300+ bought in past month,FREE delivery,"Sun, 6 Oct","Tomorrow, 5 Oct"
Apple iPhone 15 Pro (1 TB) - Black Titanium,"1,59,900",4.3 out of 5 stars,337,Availability not listed,FREE delivery,"Tue, 8 Oct","Tomorrow, 5 Oct"
Apple iPhone 15 Pro Max (256 GB) - Black Titanium,"1,30,900",4.4 out of 5 stars,348,100+ bought in past month,FREE delivery,"Sun, 6 Oct","Tomorrow, 5 Oct"
"Samsung Galaxy S22 5G (Green, 8GB, 128GB Storage) with No Cost EMI/Additional Exchange Offers","34,799",4.3 out of 5 stars,"1,986",100+ bought in past month,FREE delivery,"Tue, 8 Oct","Tomorrow, 5 Oct"
"itel A50|6.6"" HD+ Display with Dynamic Bar| 3GB RAM +64GB ROM, Upto 8GB RAM with Memory Fusion|Octacore Processor|8MP AI Dual Rear Cam|5000 mAh Battery | Shimmer Gold","6,099",3.9 out of 5 stars,30,200+ bought in past month,FREE delivery,"Sun, 6 Oct","Tomorrow, 5 Oct"
"TECNO Pova 5 Pro 5G (Silver Fantasy, 8GB RAM,256GB Storage)| Segment 1st 68W Ultra Fast Charging | India's 1st Multi-colored Backlit ARC Interface | 50MP AI Dual Camera |6.78”FHD+ Dot-in Display","15,999",4.0 out of 5 stars,"6,051",100+ bought in past month,FREE delivery,"Tue, 8 Oct","Tomorrow, 5 Oct"
"Vivo T3x 5G (Celestial Green, 128 GB) (4 GB RAM)","13,120",4.5 out of 5 stars,8,200+ bought in past month,FREE delivery,"Wed, 9 Oct","Tomorrow, 5 Oct"
"OnePlus Nord 4 5G (Obsidian Midnight, 8GB RAM, 128GB Storage)","29,998",4.2 out of 5 stars,794,2K+ bought in past month,FREE delivery,"Sun, 6 Oct","Tomorrow, 5 Oct"
"Samsung Galaxy M15 5G Prime Edition (Celestial Blue,6GB RAM,128GB Storage)| Super AMOLED Display| 50MP Triple Cam| 6000mAh Battery| MediaTek Dimensity 6100+| 4 Gen. OS Upgrade & 5 Year Security Update",Price not listed,4.1 out of 5 stars,18,5K+ bought in past month,Delivery info not available,No info,No info
"realme C65 5G (Glowing Black, 128 GB) (4 GB RAM)","10,673",2.8 out of 5 stars,10,100+ bought in past month,FREE delivery,"Wed, 9 Oct","Tomorrow, 5 Oct"
"Vivo V40 5G Smartphone (Titanium Grey, 8GB RAM, 128GB Storage)","32,995",5.0 out of 5 stars,2,100+ bought in past month,FREE delivery,"Wed, 9 Oct","Tomorrow, 5 Oct"
Apple iPhone 15 (128 GB) - Black,"69,900",4.5 out of 5 stars,"2,249",500+ bought in past month,FREE delivery,"Sun, 6 Oct","Tomorrow, 5 Oct"
Apple iPhone 16 Plus (128 GB) - Black,"89,900",4.0 out of 5 stars,17,200+ bought in past month,FREE delivery,"Wed, 9 Oct","Tomorrow, 5 Oct"
Apple iPhone 13 (128GB) - Midnight,"42,999",4.5 out of 5 stars,"29,534",5K+ bought in past month,FREE delivery,"Tue, 8 Oct","Tomorrow, 5 Oct"
Apple iPhone 16 (128 GB) - Pink,"79,900",4.7 out of 5 stars,14,500+ bought in past month,FREE delivery,"Tue, 8 Oct","Tomorrow, 5 Oct"
"realme C67 5G (Dark Purple, 128 GB) (4 GB RAM)","10,799",3.8 out of 5 stars,62,100+ bought in past month,FREE delivery,"Tue, 8 Oct","Tomorrow, 5 Oct"
"iQOO Z9x 5G (Storm Grey, 4GB RAM, 128GB Storage) | Snapdragon 6 Gen 1 with 560k+ AnTuTu Score | 6000mAh Battery with 7.99mm Slim Design | 44W FlashCharge","12,499",4.1 out of 5 stars,"3,321",2K+ bought in past month,FREE delivery,"Mon, 7 Oct","Tomorrow, 5 Oct"
Apple iPhone 15 Pro (1 TB) - Black Titanium,"1,59,900",4.3 out of 5 stars,337,Availability not listed,FREE delivery,"Tue, 8 Oct","Tomorrow, 5 Oct"
Apple iPhone 15 Pro Max (256 GB) - Black Titanium,"1,30,900",4.4 out of 5 stars,348,100+ bought in past month,FREE delivery,"Sun, 6 Oct","Tomorrow, 5 Oct"
Apple iPhone 15 (128 GB) - Black,"69,900",4.5 out of 5 stars,"2,249",500+ bought in past month,FREE delivery,"Sun, 6 Oct","Tomorrow, 5 Oct"
Apple iPhone 16 Plus (128 GB) - Black,"89,900",4.0 out of 5 stars,17,200+ bought in past month,FREE delivery,"Wed, 9 Oct","Tomorrow, 5 Oct"
